customer_id,first_name,last_name,email,country
1,Njeri,Barasa,customer1@mail.co.ke,Kenya
2,Kamau,Koech,customer2@mail.co.ke,Kenya
3,Ouma,Ndegwa,customer3@mail.co.ke,Kenya
4,Cherono,Njuguna,customer4@mail.co.ke,Kenya
5,Njeri,Odhiambo,customer5@mail.co.ke,Kenya
6,Anyango,Ndegwa,customer6@mail.co.ke,Kenya
7,Otieno,Omondi,customer7@mail.co.ke,Kenya
8,Njeri,Wafula,customer8@mail.co.ke,Kenya
9,Ouma,Mutua,customer9@mail.co.ke,Kenya
10,Cherono,Barasa,customer10@mail.co.ke,Kenya
11,Kamau,Koech,customer11@mail.co.ke,Kenya
12,Ouma,Barasa,customer12@mail.co.ke,Kenya
13,Ouma,Ndegwa,customer13@mail.co.ke,Kenya
14,Otieno,Mutua,customer14@mail.co.ke,Kenya
15,Mutiso,Omondi,customer15@mail.co.ke,Kenya
16,Cherono,Chebet,customer16@mail.co.ke,Kenya
17,Wanjiku,Odhiambo,customer17@mail.co.ke,Kenya
18,Ouma,Mutua,customer18@mail.co.ke,Kenya
19,Mutiso,Wafula,customer19@mail.co.ke,Kenya
20,Wanjiku,Njuguna,customer20@mail.co.ke,Kenya
21,Cherono,Omondi,customer21@mail.co.ke,Kenya
22,Achieng,Odhiambo,customer22@mail.co.ke,Kenya
23,Anyango,Koech,customer23@mail.co.ke,Kenya
24,Mutiso,Njuguna,customer24@mail.co.ke,Kenya
25,Mwangi,Ndegwa,customer25@mail.co.ke,Kenya
26,Achieng,Mutua,customer26@mail.co.ke,Kenya
27,Anyango,Odhiambo,customer27@mail.co.ke,Kenya
28,Otieno,Kariuki,customer28@mail.co.ke,Kenya
29,Njeri,Chebet,customer29@mail.co.ke,Kenya
30,Kamau,Chebet,customer30@mail.co.ke,Kenya
31,Mwangi,Omondi,customer31@mail.co.ke,Kenya
32,Otieno,Koech,customer32@mail.co.ke,Kenya
33,Cherono,Omondi,customer33@mail.co.ke,Kenya
34,Otieno,Kariuki,customer34@mail.co.ke,Kenya
35,Njeri,Wafula,customer35@mail.co.ke,Kenya
36,Cherono,Koech,customer36@mail.co.ke,Kenya
37,Mwangi,Barasa,customer37@mail.co.ke,Kenya
38,Njeri,Wafula,customer38@mail.co.ke,Kenya
39,Wanjiku,Koech,customer39@mail.co.ke,Kenya
40,Kamau,Koech,customer40@mail.co.ke,Kenya
41,Mwangi,Kariuki,customer41@mail.co.ke,Kenya
42,Wanjiku,Ndegwa,customer42@mail.co.ke,Kenya
43,Anyango,Kariuki,customer43@mail.co.ke,Kenya
44,Mwangi,Koech,customer44@mail.co.ke,Kenya
45,Anyango,Odhiambo,customer45@mail.co.ke,Kenya
46,Cherono,Wafula,customer46@mail.co.ke,Kenya
47,Wanjiku,Kariuki,customer47@mail.co.ke,Kenya
48,Kamau,Ndegwa,customer48@mail.co.ke,Kenya
49,Njeri,Mutua,customer49@mail.co.ke,Kenya
50,Ouma,Omondi,customer50@mail.co.ke,Kenya
51,Otieno,Koech,customer51@mail.co.ke,Kenya
52,Achieng,Barasa,customer52@mail.co.ke,Kenya
53,Kamau,Mutua,customer53@mail.co.ke,Kenya
54,Wanjiku,Chebet,customer54@mail.co.ke,Kenya
55,Ouma,Njuguna,customer55@mail.co.ke,Kenya
56,Kamau,Ndegwa,customer56@mail.co.ke,Kenya
57,Wanjiku,Barasa,customer57@mail.co.ke,Kenya
58,Mutiso,Njuguna,customer58@mail.co.ke,Kenya
59,Mutiso,Ndegwa,customer59@mail.co.ke,Kenya
60,Anyango,Odhiambo,customer60@mail.co.ke,Kenya
61,Kamau,Omondi,customer61@mail.co.ke,Kenya
62,Mutiso,Mutua,customer62@mail.co.ke,Kenya
63,Wanjiku,Wafula,customer63@mail.co.ke,Kenya
64,Anyango,Ndegwa,customer64@mail.co.ke,Kenya
65,Wanjiku,Wafula,customer65@mail.co.ke,Kenya
66,Anyango,Omondi,customer66@mail.co.ke,Kenya
67,Kamau,Koech,customer67@mail.co.ke,Kenya
68,Ouma,Chebet,customer68@mail.co.ke,Kenya
69,Njeri,Mutua,customer69@mail.co.ke,Kenya
70,Mwangi,Omondi,customer70@mail.co.ke,Kenya
71,Ouma,Omondi,customer71@mail.co.ke,Kenya
72,Cherono,Odhiambo,customer72@mail.co.ke,Kenya
73,Wanjiku,Njuguna,customer73@mail.co.ke,Kenya
74,Cherono,Chebet,customer74@mail.co.ke,Kenya
75,Ouma,Mutua,customer75@mail.co.ke,Kenya
76,Anyango,Koech,customer76@mail.co.ke,Kenya
77,Mwangi,Koech,customer77@mail.co.ke,Kenya
78,Mwangi,Kariuki,customer78@mail.co.ke,Kenya
79,Achieng,Omondi,customer79@mail.co.ke,Kenya
80,Mwangi,Ndegwa,customer80@mail.co.ke,Kenya
81,Njeri,Odhiambo,customer81@mail.co.ke,Kenya
82,Mwangi,Chebet,customer82@mail.co.ke,Kenya
83,Ouma,Koech,customer83@mail.co.ke,Kenya
84,Achieng,Mutua,customer84@mail.co.ke,Kenya
85,Ouma,Kariuki,customer85@mail.co.ke,Kenya
86,Ouma,Mutua,customer86@mail.co.ke,Kenya
87,Otieno,Odhiambo,customer87@mail.co.ke,Kenya
88,Achieng,Ndegwa,customer88@mail.co.ke,Kenya
89,Ouma,Kariuki,customer89@mail.co.ke,Kenya
90,Otieno,Kariuki,customer90@mail.co.ke,Kenya
91,Otieno,Njuguna,customer91@mail.co.ke,Kenya
92,Achieng,Chebet,customer92@mail.co.ke,Kenya
93,Cherono,Kariuki,customer93@mail.co.ke,Kenya
94,Anyango,Njuguna,customer94@mail.co.ke,Kenya
95,Njeri,Njuguna,customer95@mail.co.ke,Kenya
96,Anyango,Odhiambo,customer96@mail.co.ke,Kenya
97,Mwangi,Wafula,customer97@mail.co.ke,Kenya
98,Njeri,Mutua,customer98@mail.co.ke,Kenya
99,Mwangi,Ndegwa,customer99@mail.co.ke,Kenya
100,Ouma,Barasa,customer100@mail.co.ke,Kenya
101,Wanjiku,Mutua,customer101@mail.co.ke,Kenya
102,Achieng,Kariuki,customer102@mail.co.ke,Kenya
103,Njeri,Ndegwa,customer103@mail.co.ke,Kenya
104,Njeri,Koech,customer104@mail.co.ke,Kenya
105,Ouma,Wafula,customer105@mail.co.ke,Kenya
106,Cherono,Koech,customer106@mail.co.ke,Kenya
107,Otieno,Koech,customer107@mail.co.ke,Kenya
108,Ouma,Chebet,customer108@mail.co.ke,Kenya
109,Mutiso,Mutua,customer109@mail.co.ke,Kenya
110,Otieno,Barasa,customer110@mail.co.ke,Kenya
111,Achieng,Odhiambo,customer111@mail.co.ke,Kenya
112,Otieno,Barasa,customer112@mail.co.ke,Kenya
113,Cherono,Koech,customer113@mail.co.ke,Kenya
114,Otieno,Kariuki,customer114@mail.co.ke,Kenya
115,Achieng,Wafula,customer115@mail.co.ke,Kenya
116,Cherono,Omondi,customer116@mail.co.ke,Kenya
117,Anyango,Barasa,customer117@mail.co.ke,Kenya
118,Njeri,Koech,customer118@mail.co.ke,Kenya
119,Njeri,Wafula,customer119@mail.co.ke,Kenya
120,Mwangi,Ndegwa,customer120@mail.co.ke,Kenya
121,Anyango,Mutua,customer121@mail.co.ke,Kenya
122,Anyango,Njuguna,customer122@mail.co.ke,Kenya
123,Otieno,Chebet,customer123@mail.co.ke,Kenya
124,Njeri,Wafula,customer124@mail.co.ke,Kenya
125,Achieng,Kariuki,customer125@mail.co.ke,Kenya
126,Kamau,Kariuki,customer126@mail.co.ke,Kenya
127,Kamau,Wafula,customer127@mail.co.ke,Kenya
128,Cherono,Kariuki,customer128@mail.co.ke,Kenya
129,Njeri,Mutua,customer129@mail.co.ke,Kenya
130,Njeri,Kariuki,customer130@mail.co.ke,Kenya
131,Kamau,Barasa,customer131@mail.co.ke,Kenya
132,Njeri,Njuguna,customer132@mail.co.ke,Kenya
133,Otieno,Kariuki,customer133@mail.co.ke,Kenya
134,Mutiso,Njuguna,customer134@mail.co.ke,Kenya
135,Wanjiku,Koech,customer135@mail.co.ke,Kenya
136,Anyango,Odhiambo,customer136@mail.co.ke,Kenya
137,Mwangi,Mutua,customer137@mail.co.ke,Kenya
138,Cherono,Odhiambo,customer138@mail.co.ke,Kenya
139,Mutiso,Koech,customer139@mail.co.ke,Kenya
140,Kamau,Mutua,customer140@mail.co.ke,Kenya
141,Anyango,Wafula,customer141@mail.co.ke,Kenya
142,Njeri,Wafula,customer142@mail.co.ke,Kenya
143,Mwangi,Njuguna,customer143@mail.co.ke,Kenya
144,Njeri,Koech,customer144@mail.co.ke,Kenya
145,Achieng,Njuguna,customer145@mail.co.ke,Kenya
146,Achieng,Chebet,customer146@mail.co.ke,Kenya
147,Mwangi,Kariuki,customer147@mail.co.ke,Kenya
148,Mwangi,Omondi,customer148@mail.co.ke,Kenya
149,Kamau,Chebet,customer149@mail.co.ke,Kenya
150,Mwangi,Kariuki,customer150@mail.co.ke,Kenya
151,Otieno,Mutua,customer151@mail.co.ke,Kenya
152,Njeri,Njuguna,customer152@mail.co.ke,Kenya
153,Mutiso,Mutua,customer153@mail.co.ke,Kenya
154,Ouma,Mutua,customer154@mail.co.ke,Kenya
155,Mwangi,Kariuki,customer155@mail.co.ke,Kenya
156,Cherono,Koech,customer156@mail.co.ke,Kenya
157,Achieng,Kariuki,customer157@mail.co.ke,Kenya
158,Otieno,Ndegwa,customer158@mail.co.ke,Kenya
159,Anyango,Wafula,customer159@mail.co.ke,Kenya
160,Ouma,Wafula,customer160@mail.co.ke,Kenya
161,Mutiso,Chebet,customer161@mail.co.ke,Kenya
162,Ouma,Wafula,customer162@mail.co.ke,Kenya
163,Mwangi,Kariuki,customer163@mail.co.ke,Kenya
164,Kamau,Barasa,customer164@mail.co.ke,Kenya
165,Achieng,Njuguna,customer165@mail.co.ke,Kenya
166,Achieng,Kariuki,customer166@mail.co.ke,Kenya
167,Anyango,Kariuki,customer167@mail.co.ke,Kenya
168,Kamau,Omondi,customer168@mail.co.ke,Kenya
169,Njeri,Njuguna,customer169@mail.co.ke,Kenya
170,Wanjiku,Ndegwa,customer170@mail.co.ke,Kenya
171,Otieno,Wafula,customer171@mail.co.ke,Kenya
172,Achieng,Njuguna,customer172@mail.co.ke,Kenya
173,Cherono,Wafula,customer173@mail.co.ke,Kenya
174,Achieng,Chebet,customer174@mail.co.ke,Kenya
175,Ouma,Njuguna,customer175@mail.co.ke,Kenya
176,Achieng,Wafula,customer176@mail.co.ke,Kenya
177,Achieng,Ndegwa,customer177@mail.co.ke,Kenya
178,Wanjiku,Odhiambo,customer178@mail.co.ke,Kenya
179,Wanjiku,Mutua,customer179@mail.co.ke,Kenya
180,Mutiso,Mutua,customer180@mail.co.ke,Kenya
181,Njeri,Ndegwa,customer181@mail.co.ke,Kenya
182,Cherono,Omondi,customer182@mail.co.ke,Kenya
183,Achieng,Odhiambo,customer183@mail.co.ke,Kenya
184,Achieng,Chebet,customer184@mail.co.ke,Kenya
185,Otieno,Ndegwa,customer185@mail.co.ke,Kenya
186,Wanjiku,Mutua,customer186@mail.co.ke,Kenya
187,Cherono,Mutua,customer187@mail.co.ke,Kenya
188,Anyango,Mutua,customer188@mail.co.ke,Kenya
189,Mutiso,Koech,customer189@mail.co.ke,Kenya
190,Njeri,Ndegwa,customer190@mail.co.ke,Kenya
191,Kamau,Kariuki,customer191@mail.co.ke,Kenya
192,Njeri,Chebet,customer192@mail.co.ke,Kenya
193,Ouma,Mutua,customer193@mail.co.ke,Kenya
194,Achieng,Wafula,customer194@mail.co.ke,Kenya
195,Mutiso,Ndegwa,customer195@mail.co.ke,Kenya
196,Ouma,Koech,customer196@mail.co.ke,Kenya
197,Cherono,Ndegwa,customer197@mail.co.ke,Kenya
198,Kamau,Chebet,customer198@mail.co.ke,Kenya
199,Wanjiku,Koech,customer199@mail.co.ke,Kenya
200,Mutiso,Chebet,customer200@mail.co.ke,Kenya
201,Mutiso,Ndegwa,customer201@mail.co.ke,Kenya
202,Achieng,Kariuki,customer202@mail.co.ke,Kenya
203,Mwangi,Chebet,customer203@mail.co.ke,Kenya
204,Mutiso,Koech,customer204@mail.co.ke,Kenya
205,Otieno,Koech,customer205@mail.co.ke,Kenya
206,Kamau,Chebet,customer206@mail.co.ke,Kenya
207,Kamau,Barasa,customer207@mail.co.ke,Kenya
208,Otieno,Ndegwa,customer208@mail.co.ke,Kenya
209,Anyango,Barasa,customer209@mail.co.ke,Kenya
210,Otieno,Omondi,customer210@mail.co.ke,Kenya
211,Otieno,Ndegwa,customer211@mail.co.ke,Kenya
212,Kamau,Chebet,customer212@mail.co.ke,Kenya
213,Njeri,Odhiambo,customer213@mail.co.ke,Kenya
214,Kamau,Chebet,customer214@mail.co.ke,Kenya
215,Mwangi,Barasa,customer215@mail.co.ke,Kenya
216,Achieng,Kariuki,customer216@mail.co.ke,Kenya
217,Ouma,Chebet,customer217@mail.co.ke,Kenya
218,Njeri,Chebet,customer218@mail.co.ke,Kenya
219,Wanjiku,Kariuki,customer219@mail.co.ke,Kenya
220,Ouma,Chebet,customer220@mail.co.ke,Kenya
221,Achieng,Mutua,customer221@mail.co.ke,Kenya
222,Mwangi,Odhiambo,customer222@mail.co.ke,Kenya
223,Mwangi,Wafula,customer223@mail.co.ke,Kenya
224,Wanjiku,Odhiambo,customer224@mail.co.ke,Kenya
225,Njeri,Chebet,customer225@mail.co.ke,Kenya
226,Anyango,Mutua,customer226@mail.co.ke,Kenya
227,Otieno,Ndegwa,customer227@mail.co.ke,Kenya
228,Njeri,Chebet,customer228@mail.co.ke,Kenya
229,Anyango,Barasa,customer229@mail.co.ke,Kenya
230,Mwangi,Mutua,customer230@mail.co.ke,Kenya
231,Kamau,Kariuki,customer231@mail.co.ke,Kenya
232,Achieng,Mutua,customer232@mail.co.ke,Kenya
233,Wanjiku,Kariuki,customer233@mail.co.ke,Kenya
234,Achieng,Omondi,customer234@mail.co.ke,Kenya
235,Cherono,Wafula,customer235@mail.co.ke,Kenya
236,Cherono,Njuguna,customer236@mail.co.ke,Kenya
237,Njeri,Mutua,customer237@mail.co.ke,Kenya
238,Mwangi,Koech,customer238@mail.co.ke,Kenya
239,Mwangi,Barasa,customer239@mail.co.ke,Kenya
240,Otieno,Chebet,customer240@mail.co.ke,Kenya
241,Otieno,Barasa,customer241@mail.co.ke,Kenya
242,Otieno,Odhiambo,customer242@mail.co.ke,Kenya
243,Kamau,Njuguna,customer243@mail.co.ke,Kenya
244,Ouma,Odhiambo,customer244@mail.co.ke,Kenya
245,Mutiso,Omondi,customer245@mail.co.ke,Kenya
246,Ouma,Njuguna,customer246@mail.co.ke,Kenya
247,Achieng,Njuguna,customer247@mail.co.ke,Kenya
248,Ouma,Odhiambo,customer248@mail.co.ke,Kenya
249,Kamau,Kariuki,customer249@mail.co.ke,Kenya
250,Achieng,Odhiambo,customer250@mail.co.ke,Kenya
251,Ouma,Barasa,customer251@mail.co.ke,Kenya
252,Kamau,Kariuki,customer252@mail.co.ke,Kenya
253,Mutiso,Barasa,customer253@mail.co.ke,Kenya
254,Ouma,Omondi,customer254@mail.co.ke,Kenya
255,Kamau,Chebet,customer255@mail.co.ke,Kenya
256,Otieno,Ndegwa,customer256@mail.co.ke,Kenya
257,Mwangi,Kariuki,customer257@mail.co.ke,Kenya
258,Otieno,Omondi,customer258@mail.co.ke,Kenya
259,Mwangi,Koech,customer259@mail.co.ke,Kenya
260,Wanjiku,Omondi,customer260@mail.co.ke,Kenya
261,Wanjiku,Odhiambo,customer261@mail.co.ke,Kenya
262,Wanjiku,Odhiambo,customer262@mail.co.ke,Kenya
263,Mutiso,Ndegwa,customer263@mail.co.ke,Kenya
264,Otieno,Omondi,customer264@mail.co.ke,Kenya
265,Mwangi,Wafula,customer265@mail.co.ke,Kenya
266,Kamau,Chebet,customer266@mail.co.ke,Kenya
267,Achieng,Odhiambo,customer267@mail.co.ke,Kenya
268,Kamau,Ndegwa,customer268@mail.co.ke,Kenya
269,Achieng,Chebet,customer269@mail.co.ke,Kenya
270,Cherono,Omondi,customer270@mail.co.ke,Kenya
271,Kamau,Omondi,customer271@mail.co.ke,Kenya
272,Ouma,Njuguna,customer272@mail.co.ke,Kenya
273,Ouma,Ndegwa,customer273@mail.co.ke,Kenya
274,Njeri,Odhiambo,customer274@mail.co.ke,Kenya
275,Otieno,Wafula,customer275@mail.co.ke,Kenya
276,Achieng,Omondi,customer276@mail.co.ke,Kenya
277,Achieng,Wafula,customer277@mail.co.ke,Kenya
278,Otieno,Omondi,customer278@mail.co.ke,Kenya
279,Mutiso,Odhiambo,customer279@mail.co.ke,Kenya
280,Njeri,Chebet,customer280@mail.co.ke,Kenya
281,Mutiso,Mutua,customer281@mail.co.ke,Kenya
282,Mutiso,Chebet,customer282@mail.co.ke,Kenya
283,Mutiso,Omondi,customer283@mail.co.ke,Kenya
284,Otieno,Barasa,customer284@mail.co.ke,Kenya
285,Mutiso,Mutua,customer285@mail.co.ke,Kenya
286,Ouma,Mutua,customer286@mail.co.ke,Kenya
287,Wanjiku,Wafula,customer287@mail.co.ke,Kenya
288,Cherono,Ndegwa,customer288@mail.co.ke,Kenya
289,Achieng,Wafula,customer289@mail.co.ke,Kenya
290,Achieng,Wafula,customer290@mail.co.ke,Kenya
291,Cherono,Barasa,customer291@mail.co.ke,Kenya
292,Otieno,Chebet,customer292@mail.co.ke,Kenya
293,Kamau,Chebet,customer293@mail.co.ke,Kenya
294,Otieno,Koech,customer294@mail.co.ke,Kenya
295,Achieng,Omondi,customer295@mail.co.ke,Kenya
296,Achieng,Barasa,customer296@mail.co.ke,Kenya
297,Cherono,Koech,customer297@mail.co.ke,Kenya
298,Mutiso,Odhiambo,customer298@mail.co.ke,Kenya
299,Otieno,Omondi,customer299@mail.co.ke,Kenya
300,Mwangi,Omondi,customer300@mail.co.ke,Kenya
301,Cherono,Njuguna,customer301@mail.co.ke,Kenya
302,Ouma,Njuguna,customer302@mail.co.ke,Kenya
303,Achieng,Kariuki,customer303@mail.co.ke,Kenya
304,Cherono,Kariuki,customer304@mail.co.ke,Kenya
305,Otieno,Wafula,customer305@mail.co.ke,Kenya
306,Achieng,Odhiambo,customer306@mail.co.ke,Kenya
307,Kamau,Mutua,customer307@mail.co.ke,Kenya
308,Cherono,Mutua,customer308@mail.co.ke,Kenya
309,Njeri,Njuguna,customer309@mail.co.ke,Kenya
310,Achieng,Njuguna,customer310@mail.co.ke,Kenya
311,Otieno,Njuguna,customer311@mail.co.ke,Kenya
312,Wanjiku,Barasa,customer312@mail.co.ke,Kenya
313,Mwangi,Ndegwa,customer313@mail.co.ke,Kenya
314,Anyango,Kariuki,customer314@mail.co.ke,Kenya
315,Mutiso,Barasa,customer315@mail.co.ke,Kenya
316,Anyango,Chebet,customer316@mail.co.ke,Kenya
317,Otieno,Mutua,customer317@mail.co.ke,Kenya
318,Ouma,Omondi,customer318@mail.co.ke,Kenya
319,Ouma,Kariuki,customer319@mail.co.ke,Kenya
320,Wanjiku,Koech,customer320@mail.co.ke,Kenya
321,Mutiso,Chebet,customer321@mail.co.ke,Kenya
322,Njeri,Kariuki,customer322@mail.co.ke,Kenya
323,Wanjiku,Barasa,customer323@mail.co.ke,Kenya
324,Anyango,Odhiambo,customer324@mail.co.ke,Kenya
325,Wanjiku,Omondi,customer325@mail.co.ke,Kenya
326,Anyango,Kariuki,customer326@mail.co.ke,Kenya
327,Achieng,Ndegwa,customer327@mail.co.ke,Kenya
328,Ouma,Njuguna,customer328@mail.co.ke,Kenya
329,Achieng,Njuguna,customer329@mail.co.ke,Kenya
330,Mwangi,Omondi,customer330@mail.co.ke,Kenya
331,Mutiso,Barasa,customer331@mail.co.ke,Kenya
332,Njeri,Njuguna,customer332@mail.co.ke,Kenya
333,Anyango,Kariuki,customer333@mail.co.ke,Kenya
334,Njeri,Koech,customer334@mail.co.ke,Kenya
335,Anyango,Mutua,customer335@mail.co.ke,Kenya
336,Otieno,Mutua,customer336@mail.co.ke,Kenya
337,Wanjiku,Chebet,customer337@mail.co.ke,Kenya
338,Mwangi,Wafula,customer338@mail.co.ke,Kenya
339,Ouma,Odhiambo,customer339@mail.co.ke,Kenya
340,Anyango,Omondi,customer340@mail.co.ke,Kenya
341,Njeri,Chebet,customer341@mail.co.ke,Kenya
342,Mwangi,Wafula,customer342@mail.co.ke,Kenya
343,Kamau,Barasa,customer343@mail.co.ke,Kenya
344,Kamau,Ndegwa,customer344@mail.co.ke,Kenya
345,Achieng,Ndegwa,customer345@mail.co.ke,Kenya
346,Ouma,Odhiambo,customer346@mail.co.ke,Kenya
347,Otieno,Njuguna,customer347@mail.co.ke,Kenya
348,Njeri,Kariuki,customer348@mail.co.ke,Kenya
349,Wanjiku,Chebet,customer349@mail.co.ke,Kenya
350,Wanjiku,Chebet,customer350@mail.co.ke,Kenya
351,Njeri,Omondi,customer351@mail.co.ke,Kenya
352,Mutiso,Omondi,customer352@mail.co.ke,Kenya
353,Otieno,Ndegwa,customer353@mail.co.ke,Kenya
354,Mwangi,Ndegwa,customer354@mail.co.ke,Kenya
355,Anyango,Koech,customer355@mail.co.ke,Kenya
356,Mutiso,Koech,customer356@mail.co.ke,Kenya
357,Anyango,Njuguna,customer357@mail.co.ke,Kenya
358,Anyango,Koech,customer358@mail.co.ke,Kenya
359,Mutiso,Kariuki,customer359@mail.co.ke,Kenya
360,Achieng,Kariuki,customer360@mail.co.ke,Kenya
361,Kamau,Chebet,customer361@mail.co.ke,Kenya
362,Anyango,Mutua,customer362@mail.co.ke,Kenya
363,Mutiso,Kariuki,customer363@mail.co.ke,Kenya
364,Mutiso,Wafula,customer364@mail.co.ke,Kenya
365,Cherono,Ndegwa,customer365@mail.co.ke,Kenya
366,Achieng,Omondi,customer366@mail.co.ke,Kenya
367,Ouma,Koech,customer367@mail.co.ke,Kenya
368,Cherono,Chebet,customer368@mail.co.ke,Kenya
369,Cherono,Odhiambo,customer369@mail.co.ke,Kenya
370,Njeri,Omondi,customer370@mail.co.ke,Kenya
371,Kamau,Wafula,customer371@mail.co.ke,Kenya
372,Mutiso,Koech,customer372@mail.co.ke,Kenya
373,Kamau,Wafula,customer373@mail.co.ke,Kenya
374,Otieno,Ndegwa,customer374@mail.co.ke,Kenya
375,Njeri,Ndegwa,customer375@mail.co.ke,Kenya
376,Ouma,Njuguna,customer376@mail.co.ke,Kenya
377,Kamau,Chebet,customer377@mail.co.ke,Kenya
378,Wanjiku,Omondi,customer378@mail.co.ke,Kenya
379,Anyango,Barasa,customer379@mail.co.ke,Kenya
380,Otieno,Barasa,customer380@mail.co.ke,Kenya
381,Achieng,Omondi,customer381@mail.co.ke,Kenya
382,Ouma,Odhiambo,customer382@mail.co.ke,Kenya
383,Otieno,Chebet,customer383@mail.co.ke,Kenya
384,Anyango,Wafula,customer384@mail.co.ke,Kenya
385,Njeri,Odhiambo,customer385@mail.co.ke,Kenya
386,Anyango,Mutua,customer386@mail.co.ke,Kenya
387,Cherono,Omondi,customer387@mail.co.ke,Kenya
388,Anyango,Wafula,customer388@mail.co.ke,Kenya
389,Cherono,Barasa,customer389@mail.co.ke,Kenya
390,Njeri,Kariuki,customer390@mail.co.ke,Kenya
391,Mwangi,Njuguna,customer391@mail.co.ke,Kenya
392,Cherono,Barasa,customer392@mail.co.ke,Kenya
393,Achieng,Chebet,customer393@mail.co.ke,Kenya
394,Anyango,Ndegwa,customer394@mail.co.ke,Kenya
395,Anyango,Kariuki,customer395@mail.co.ke,Kenya
396,Achieng,Njuguna,customer396@mail.co.ke,Kenya
397,Wanjiku,Njuguna,customer397@mail.co.ke,Kenya
398,Mutiso,Mutua,customer398@mail.co.ke,Kenya
399,Mwangi,Mutua,customer399@mail.co.ke,Kenya
400,Ouma,Koech,customer400@mail.co.ke,Kenya
401,Cherono,Barasa,customer401@mail.co.ke,Kenya
402,Achieng,Barasa,customer402@mail.co.ke,Kenya
403,Njeri,Barasa,customer403@mail.co.ke,Kenya
404,Cherono,Koech,customer404@mail.co.ke,Kenya
405,Mutiso,Odhiambo,customer405@mail.co.ke,Kenya
406,Njeri,Njuguna,customer406@mail.co.ke,Kenya
407,Otieno,Kariuki,customer407@mail.co.ke,Kenya
408,Anyango,Chebet,customer408@mail.co.ke,Kenya
409,Otieno,Njuguna,customer409@mail.co.ke,Kenya
410,Cherono,Mutua,customer410@mail.co.ke,Kenya
411,Mutiso,Wafula,customer411@mail.co.ke,Kenya
412,Mwangi,Ndegwa,customer412@mail.co.ke,Kenya
413,Cherono,Koech,customer413@mail.co.ke,Kenya
414,Achieng,Omondi,customer414@mail.co.ke,Kenya
415,Kamau,Wafula,customer415@mail.co.ke,Kenya
416,Cherono,Chebet,customer416@mail.co.ke,Kenya
417,Anyango,Barasa,customer417@mail.co.ke,Kenya
418,Anyango,Mutua,customer418@mail.co.ke,Kenya
419,Cherono,Mutua,customer419@mail.co.ke,Kenya
420,Njeri,Mutua,customer420@mail.co.ke,Kenya
421,Kamau,Barasa,customer421@mail.co.ke,Kenya
422,Achieng,Omondi,customer422@mail.co.ke,Kenya
423,Cherono,Koech,customer423@mail.co.ke,Kenya
424,Njeri,Wafula,customer424@mail.co.ke,Kenya
425,Anyango,Barasa,customer425@mail.co.ke,Kenya
426,Anyango,Chebet,customer426@mail.co.ke,Kenya
427,Mutiso,Koech,customer427@mail.co.ke,Kenya
428,Cherono,Chebet,customer428@mail.co.ke,Kenya
429,Kamau,Koech,customer429@mail.co.ke,Kenya
430,Wanjiku,Omondi,customer430@mail.co.ke,Kenya
431,Kamau,Ndegwa,customer431@mail.co.ke,Kenya
432,Anyango,Chebet,customer432@mail.co.ke,Kenya
433,Anyango,Barasa,customer433@mail.co.ke,Kenya
434,Otieno,Koech,customer434@mail.co.ke,Kenya
435,Anyango,Mutua,customer435@mail.co.ke,Kenya
436,Achieng,Njuguna,customer436@mail.co.ke,Kenya
437,Ouma,Mutua,customer437@mail.co.ke,Kenya
438,Cherono,Odhiambo,customer438@mail.co.ke,Kenya
439,Kamau,Ndegwa,customer439@mail.co.ke,Kenya
440,Ouma,Ndegwa,customer440@mail.co.ke,Kenya
441,Njeri,Mutua,customer441@mail.co.ke,Kenya
442,Wanjiku,Wafula,customer442@mail.co.ke,Kenya
443,Achieng,Omondi,customer443@mail.co.ke,Kenya
444,Kamau,Chebet,customer444@mail.co.ke,Kenya
445,Ouma,Barasa,customer445@mail.co.ke,Kenya
446,Wanjiku,Ndegwa,customer446@mail.co.ke,Kenya
447,Otieno,Mutua,customer447@mail.co.ke,Kenya
448,Achieng,Mutua,customer448@mail.co.ke,Kenya
449,Achieng,Omondi,customer449@mail.co.ke,Kenya
450,Otieno,Omondi,customer450@mail.co.ke,Kenya
451,Cherono,Kariuki,customer451@mail.co.ke,Kenya
452,Otieno,Kariuki,customer452@mail.co.ke,Kenya
453,Achieng,Wafula,customer453@mail.co.ke,Kenya
454,Achieng,Wafula,customer454@mail.co.ke,Kenya
455,Ouma,Odhiambo,customer455@mail.co.ke,Kenya
456,Anyango,Wafula,customer456@mail.co.ke,Kenya
457,Wanjiku,Koech,customer457@mail.co.ke,Kenya
458,Otieno,Omondi,customer458@mail.co.ke,Kenya
459,Wanjiku,Barasa,customer459@mail.co.ke,Kenya
460,Otieno,Koech,customer460@mail.co.ke,Kenya
461,Njeri,Chebet,customer461@mail.co.ke,Kenya
462,Achieng,Mutua,customer462@mail.co.ke,Kenya
463,Anyango,Wafula,customer463@mail.co.ke,Kenya
464,Ouma,Mutua,customer464@mail.co.ke,Kenya
465,Anyango,Ndegwa,customer465@mail.co.ke,Kenya
466,Anyango,Odhiambo,customer466@mail.co.ke,Kenya
467,Anyango,Ndegwa,customer467@mail.co.ke,Kenya
468,Wanjiku,Odhiambo,customer468@mail.co.ke,Kenya
469,Otieno,Kariuki,customer469@mail.co.ke,Kenya
470,Mwangi,Mutua,customer470@mail.co.ke,Kenya
471,Njeri,Odhiambo,customer471@mail.co.ke,Kenya
472,Kamau,Njuguna,customer472@mail.co.ke,Kenya
473,Anyango,Koech,customer473@mail.co.ke,Kenya
474,Cherono,Odhiambo,customer474@mail.co.ke,Kenya
475,Wanjiku,Odhiambo,customer475@mail.co.ke,Kenya
476,Ouma,Koech,customer476@mail.co.ke,Kenya
477,Kamau,Mutua,customer477@mail.co.ke,Kenya
478,Mwangi,Mutua,customer478@mail.co.ke,Kenya
479,Cherono,Koech,customer479@mail.co.ke,Kenya
480,Mwangi,Ndegwa,customer480@mail.co.ke,Kenya
481,Kamau,Njuguna,customer481@mail.co.ke,Kenya
482,Anyango,Barasa,customer482@mail.co.ke,Kenya
483,Cherono,Chebet,customer483@mail.co.ke,Kenya
484,Mwangi,Njuguna,customer484@mail.co.ke,Kenya
485,Ouma,Mutua,customer485@mail.co.ke,Kenya
486,Otieno,Barasa,customer486@mail.co.ke,Kenya
487,Achieng,Kariuki,customer487@mail.co.ke,Kenya
488,Otieno,Wafula,customer488@mail.co.ke,Kenya
489,Kamau,Odhiambo,customer489@mail.co.ke,Kenya
490,Wanjiku,Koech,customer490@mail.co.ke,Kenya
491,Achieng,Koech,customer491@mail.co.ke,Kenya
492,Njeri,Odhiambo,customer492@mail.co.ke,Kenya
493,Ouma,Wafula,customer493@mail.co.ke,Kenya
494,Njeri,Chebet,customer494@mail.co.ke,Kenya
495,Cherono,Wafula,customer495@mail.co.ke,Kenya
496,Achieng,Barasa,customer496@mail.co.ke,Kenya
497,Njeri,Wafula,customer497@mail.co.ke,Kenya
498,Njeri,Barasa,customer498@mail.co.ke,Kenya
499,Mwangi,Wafula,customer499@mail.co.ke,Kenya
500,Otieno,Chebet,customer500@mail.co.ke,Kenya
501,Mwangi,Chebet,customer501@mail.co.ke,Kenya
502,Achieng,Mutua,customer502@mail.co.ke,Kenya
503,Achieng,Odhiambo,customer503@mail.co.ke,Kenya
504,Kamau,Chebet,customer504@mail.co.ke,Kenya
505,Mwangi,Barasa,customer505@mail.co.ke,Kenya
506,Mutiso,Chebet,customer506@mail.co.ke,Kenya
507,Otieno,Mutua,customer507@mail.co.ke,Kenya
508,Achieng,Koech,customer508@mail.co.ke,Kenya
509,Kamau,Barasa,customer509@mail.co.ke,Kenya
510,Mwangi,Mutua,customer510@mail.co.ke,Kenya
511,Otieno,Ndegwa,customer511@mail.co.ke,Kenya
512,Mwangi,Ndegwa,customer512@mail.co.ke,Kenya
513,Njeri,Kariuki,customer513@mail.co.ke,Kenya
514,Kamau,Wafula,customer514@mail.co.ke,Kenya
515,Otieno,Odhiambo,customer515@mail.co.ke,Kenya
516,Anyango,Omondi,customer516@mail.co.ke,Kenya
517,Cherono,Njuguna,customer517@mail.co.ke,Kenya
518,Cherono,Mutua,customer518@mail.co.ke,Kenya
519,Otieno,Koech,customer519@mail.co.ke,Kenya
520,Mwangi,Njuguna,customer520@mail.co.ke,Kenya
521,Kamau,Koech,customer521@mail.co.ke,Kenya
522,Cherono,Njuguna,customer522@mail.co.ke,Kenya
523,Kamau,Mutua,customer523@mail.co.ke,Kenya
524,Cherono,Omondi,customer524@mail.co.ke,Kenya
525,Njeri,Njuguna,customer525@mail.co.ke,Kenya
526,Mwangi,Mutua,customer526@mail.co.ke,Kenya
527,Njeri,Chebet,customer527@mail.co.ke,Kenya
528,Cherono,Omondi,customer528@mail.co.ke,Kenya
529,Anyango,Barasa,customer529@mail.co.ke,Kenya
530,Anyango,Koech,customer530@mail.co.ke,Kenya
531,Njeri,Ndegwa,customer531@mail.co.ke,Kenya
532,Anyango,Wafula,customer532@mail.co.ke,Kenya
533,Cherono,Ndegwa,customer533@mail.co.ke,Kenya
534,Otieno,Omondi,customer534@mail.co.ke,Kenya
535,Njeri,Barasa,customer535@mail.co.ke,Kenya
536,Wanjiku,Koech,customer536@mail.co.ke,Kenya
537,Mwangi,Barasa,customer537@mail.co.ke,Kenya
538,Anyango,Njuguna,customer538@mail.co.ke,Kenya
539,Anyango,Koech,customer539@mail.co.ke,Kenya
540,Achieng,Njuguna,customer540@mail.co.ke,Kenya
541,Mutiso,Mutua,customer541@mail.co.ke,Kenya
542,Njeri,Omondi,customer542@mail.co.ke,Kenya
543,Ouma,Mutua,customer543@mail.co.ke,Kenya
544,Anyango,Kariuki,customer544@mail.co.ke,Kenya
545,Mwangi,Barasa,customer545@mail.co.ke,Kenya
546,Wanjiku,Njuguna,customer546@mail.co.ke,Kenya
547,Anyango,Chebet,customer547@mail.co.ke,Kenya
548,Wanjiku,Mutua,customer548@mail.co.ke,Kenya
549,Cherono,Kariuki,customer549@mail.co.ke,Kenya
550,Cherono,Odhiambo,customer550@mail.co.ke,Kenya
551,Mutiso,Ndegwa,customer551@mail.co.ke,Kenya
552,Otieno,Koech,customer552@mail.co.ke,Kenya
553,Ouma,Kariuki,customer553@mail.co.ke,Kenya
554,Achieng,Omondi,customer554@mail.co.ke,Kenya
555,Mutiso,Mutua,customer555@mail.co.ke,Kenya
556,Kamau,Omondi,customer556@mail.co.ke,Kenya
557,Achieng,Ndegwa,customer557@mail.co.ke,Kenya
558,Njeri,Chebet,customer558@mail.co.ke,Kenya
559,Mwangi,Barasa,customer559@mail.co.ke,Kenya
560,Kamau,Barasa,customer560@mail.co.ke,Kenya
561,Kamau,Omondi,customer561@mail.co.ke,Kenya
562,Mutiso,Njuguna,customer562@mail.co.ke,Kenya
563,Otieno,Chebet,customer563@mail.co.ke,Kenya
564,Mutiso,Barasa,customer564@mail.co.ke,Kenya
565,Njeri,Chebet,customer565@mail.co.ke,Kenya
566,Anyango,Kariuki,customer566@mail.co.ke,Kenya
567,Anyango,Chebet,customer567@mail.co.ke,Kenya
568,Otieno,Wafula,customer568@mail.co.ke,Kenya
569,Njeri,Ndegwa,customer569@mail.co.ke,Kenya
570,Otieno,Barasa,customer570@mail.co.ke,Kenya
571,Wanjiku,Chebet,customer571@mail.co.ke,Kenya
572,Anyango,Omondi,customer572@mail.co.ke,Kenya
573,Kamau,Odhiambo,customer573@mail.co.ke,Kenya
574,Ouma,Wafula,customer574@mail.co.ke,Kenya
575,Mwangi,Wafula,customer575@mail.co.ke,Kenya
576,Njeri,Njuguna,customer576@mail.co.ke,Kenya
577,Achieng,Chebet,customer577@mail.co.ke,Kenya
578,Otieno,Njuguna,customer578@mail.co.ke,Kenya
579,Mwangi,Njuguna,customer579@mail.co.ke,Kenya
580,Achieng,Odhiambo,customer580@mail.co.ke,Kenya
581,Mwangi,Kariuki,customer581@mail.co.ke,Kenya
582,Ouma,Chebet,customer582@mail.co.ke,Kenya
583,Achieng,Mutua,customer583@mail.co.ke,Kenya
584,Mutiso,Barasa,customer584@mail.co.ke,Kenya
585,Cherono,Njuguna,customer585@mail.co.ke,Kenya
586,Mutiso,Ndegwa,customer586@mail.co.ke,Kenya
587,Anyango,Koech,customer587@mail.co.ke,Kenya
588,Cherono,Ndegwa,customer588@mail.co.ke,Kenya
589,Mutiso,Odhiambo,customer589@mail.co.ke,Kenya
590,Cherono,Odhiambo,customer590@mail.co.ke,Kenya
591,Cherono,Omondi,customer591@mail.co.ke,Kenya
592,Kamau,Kariuki,customer592@mail.co.ke,Kenya
593,Otieno,Barasa,customer593@mail.co.ke,Kenya
594,Otieno,Njuguna,customer594@mail.co.ke,Kenya
595,Kamau,Ndegwa,customer595@mail.co.ke,Kenya
596,Mwangi,Koech,customer596@mail.co.ke,Kenya
597,Wanjiku,Odhiambo,customer597@mail.co.ke,Kenya
598,Mwangi,Odhiambo,customer598@mail.co.ke,Kenya
599,Achieng,Kariuki,customer599@mail.co.ke,Kenya
600,Achieng,Koech,customer600@mail.co.ke,Kenya
601,Cherono,Koech,customer601@mail.co.ke,Kenya
602,Mutiso,Kariuki,customer602@mail.co.ke,Kenya
603,Mutiso,Odhiambo,customer603@mail.co.ke,Kenya
604,Otieno,Barasa,customer604@mail.co.ke,Kenya
605,Njeri,Chebet,customer605@mail.co.ke,Kenya
606,Mwangi,Chebet,customer606@mail.co.ke,Kenya
607,Anyango,Kariuki,customer607@mail.co.ke,Kenya
608,Ouma,Koech,customer608@mail.co.ke,Kenya
609,Mutiso,Njuguna,customer609@mail.co.ke,Kenya
610,Ouma,Kariuki,customer610@mail.co.ke,Kenya
611,Cherono,Barasa,customer611@mail.co.ke,Kenya
612,Ouma,Kariuki,customer612@mail.co.ke,Kenya
613,Anyango,Wafula,customer613@mail.co.ke,Kenya
614,Kamau,Ndegwa,customer614@mail.co.ke,Kenya
615,Anyango,Koech,customer615@mail.co.ke,Kenya
616,Ouma,Omondi,customer616@mail.co.ke,Kenya
617,Anyango,Omondi,customer617@mail.co.ke,Kenya
618,Wanjiku,Koech,customer618@mail.co.ke,Kenya
619,Cherono,Barasa,customer619@mail.co.ke,Kenya
620,Mwangi,Wafula,customer620@mail.co.ke,Kenya
621,Kamau,Wafula,customer621@mail.co.ke,Kenya
622,Mutiso,Odhiambo,customer622@mail.co.ke,Kenya
623,Achieng,Ndegwa,customer623@mail.co.ke,Kenya
624,Mwangi,Chebet,customer624@mail.co.ke,Kenya
625,Achieng,Mutua,customer625@mail.co.ke,Kenya
626,Cherono,Barasa,customer626@mail.co.ke,Kenya
627,Kamau,Mutua,customer627@mail.co.ke,Kenya
628,Otieno,Mutua,customer628@mail.co.ke,Kenya
629,Mutiso,Koech,customer629@mail.co.ke,Kenya
630,Wanjiku,Omondi,customer630@mail.co.ke,Kenya
631,Otieno,Omondi,customer631@mail.co.ke,Kenya
632,Cherono,Chebet,customer632@mail.co.ke,Kenya
633,Mwangi,Koech,customer633@mail.co.ke,Kenya
634,Wanjiku,Mutua,customer634@mail.co.ke,Kenya
635,Anyango,Njuguna,customer635@mail.co.ke,Kenya
636,Ouma,Omondi,customer636@mail.co.ke,Kenya
637,Wanjiku,Barasa,customer637@mail.co.ke,Kenya
638,Cherono,Barasa,customer638@mail.co.ke,Kenya
639,Njeri,Odhiambo,customer639@mail.co.ke,Kenya
640,Ouma,Kariuki,customer640@mail.co.ke,Kenya
641,Achieng,Njuguna,customer641@mail.co.ke,Kenya
642,Mutiso,Omondi,customer642@mail.co.ke,Kenya
643,Achieng,Wafula,customer643@mail.co.ke,Kenya
644,Wanjiku,Omondi,customer644@mail.co.ke,Kenya
645,Achieng,Odhiambo,customer645@mail.co.ke,Kenya
646,Cherono,Barasa,customer646@mail.co.ke,Kenya
647,Anyango,Mutua,customer647@mail.co.ke,Kenya
648,Mwangi,Wafula,customer648@mail.co.ke,Kenya
649,Mutiso,Koech,customer649@mail.co.ke,Kenya
650,Achieng,Ndegwa,customer650@mail.co.ke,Kenya
651,Achieng,Mutua,customer651@mail.co.ke,Kenya
652,Wanjiku,Ndegwa,customer652@mail.co.ke,Kenya
653,Mwangi,Njuguna,customer653@mail.co.ke,Kenya
654,Otieno,Kariuki,customer654@mail.co.ke,Kenya
655,Achieng,Wafula,customer655@mail.co.ke,Kenya
656,Cherono,Chebet,customer656@mail.co.ke,Kenya
657,Njeri,Wafula,customer657@mail.co.ke,Kenya
658,Mutiso,Omondi,customer658@mail.co.ke,Kenya
659,Achieng,Barasa,customer659@mail.co.ke,Kenya
660,Cherono,Omondi,customer660@mail.co.ke,Kenya
661,Cherono,Omondi,customer661@mail.co.ke,Kenya
662,Mutiso,Njuguna,customer662@mail.co.ke,Kenya
663,Otieno,Mutua,customer663@mail.co.ke,Kenya
664,Cherono,Chebet,customer664@mail.co.ke,Kenya
665,Njeri,Chebet,customer665@mail.co.ke,Kenya
666,Cherono,Omondi,customer666@mail.co.ke,Kenya
667,Cherono,Ndegwa,customer667@mail.co.ke,Kenya
668,Cherono,Njuguna,customer668@mail.co.ke,Kenya
669,Anyango,Omondi,customer669@mail.co.ke,Kenya
670,Anyango,Kariuki,customer670@mail.co.ke,Kenya
671,Otieno,Barasa,customer671@mail.co.ke,Kenya
672,Achieng,Mutua,customer672@mail.co.ke,Kenya
673,Cherono,Koech,customer673@mail.co.ke,Kenya
674,Mwangi,Kariuki,customer674@mail.co.ke,Kenya
675,Achieng,Ndegwa,customer675@mail.co.ke,Kenya
676,Otieno,Wafula,customer676@mail.co.ke,Kenya
677,Kamau,Wafula,customer677@mail.co.ke,Kenya
678,Achieng,Kariuki,customer678@mail.co.ke,Kenya
679,Achieng,Omondi,customer679@mail.co.ke,Kenya
680,Ouma,Koech,customer680@mail.co.ke,Kenya
681,Wanjiku,Odhiambo,customer681@mail.co.ke,Kenya
682,Ouma,Odhiambo,customer682@mail.co.ke,Kenya
683,Njeri,Ndegwa,customer683@mail.co.ke,Kenya
684,Anyango,Omondi,customer684@mail.co.ke,Kenya
685,Anyango,Chebet,customer685@mail.co.ke,Kenya
686,Wanjiku,Chebet,customer686@mail.co.ke,Kenya
687,Mutiso,Mutua,customer687@mail.co.ke,Kenya
688,Mutiso,Koech,customer688@mail.co.ke,Kenya
689,Otieno,Koech,customer689@mail.co.ke,Kenya
690,Wanjiku,Wafula,customer690@mail.co.ke,Kenya
691,Achieng,Njuguna,customer691@mail.co.ke,Kenya
692,Mutiso,Ndegwa,customer692@mail.co.ke,Kenya
693,Cherono,Odhiambo,customer693@mail.co.ke,Kenya
694,Mwangi,Ndegwa,customer694@mail.co.ke,Kenya
695,Achieng,Chebet,customer695@mail.co.ke,Kenya
696,Njeri,Chebet,customer696@mail.co.ke,Kenya
697,Cherono,Kariuki,customer697@mail.co.ke,Kenya
698,Cherono,Mutua,customer698@mail.co.ke,Kenya
699,Wanjiku,Koech,customer699@mail.co.ke,Kenya
700,Otieno,Barasa,customer700@mail.co.ke,Kenya
701,Njeri,Ndegwa,customer701@mail.co.ke,Kenya
702,Mutiso,Chebet,customer702@mail.co.ke,Kenya
703,Wanjiku,Njuguna,customer703@mail.co.ke,Kenya
704,Mutiso,Wafula,customer704@mail.co.ke,Kenya
705,Wanjiku,Odhiambo,customer705@mail.co.ke,Kenya
706,Wanjiku,Mutua,customer706@mail.co.ke,Kenya
707,Wanjiku,Njuguna,customer707@mail.co.ke,Kenya
708,Otieno,Mutua,customer708@mail.co.ke,Kenya
709,Wanjiku,Kariuki,customer709@mail.co.ke,Kenya
710,Kamau,Barasa,customer710@mail.co.ke,Kenya
711,Mwangi,Chebet,customer711@mail.co.ke,Kenya
712,Mutiso,Wafula,customer712@mail.co.ke,Kenya
713,Achieng,Njuguna,customer713@mail.co.ke,Kenya
714,Ouma,Mutua,customer714@mail.co.ke,Kenya
715,Njeri,Koech,customer715@mail.co.ke,Kenya
716,Anyango,Kariuki,customer716@mail.co.ke,Kenya
717,Otieno,Koech,customer717@mail.co.ke,Kenya
718,Achieng,Wafula,customer718@mail.co.ke,Kenya
719,Cherono,Njuguna,customer719@mail.co.ke,Kenya
720,Kamau,Kariuki,customer720@mail.co.ke,Kenya
721,Anyango,Njuguna,customer721@mail.co.ke,Kenya
722,Ouma,Chebet,customer722@mail.co.ke,Kenya
723,Achieng,Omondi,customer723@mail.co.ke,Kenya
724,Anyango,Kariuki,customer724@mail.co.ke,Kenya
725,Achieng,Koech,customer725@mail.co.ke,Kenya
726,Kamau,Wafula,customer726@mail.co.ke,Kenya
727,Ouma,Barasa,customer727@mail.co.ke,Kenya
728,Cherono,Chebet,customer728@mail.co.ke,Kenya
729,Wanjiku,Omondi,customer729@mail.co.ke,Kenya
730,Mutiso,Barasa,customer730@mail.co.ke,Kenya
731,Cherono,Odhiambo,customer731@mail.co.ke,Kenya
732,Wanjiku,Chebet,customer732@mail.co.ke,Kenya
733,Otieno,Wafula,customer733@mail.co.ke,Kenya
734,Mwangi,Mutua,customer734@mail.co.ke,Kenya
735,Njeri,Kariuki,customer735@mail.co.ke,Kenya
736,Njeri,Njuguna,customer736@mail.co.ke,Kenya
737,Mutiso,Wafula,customer737@mail.co.ke,Kenya
738,Ouma,Kariuki,customer738@mail.co.ke,Kenya
739,Kamau,Barasa,customer739@mail.co.ke,Kenya
740,Ouma,Njuguna,customer740@mail.co.ke,Kenya
741,Kamau,Ndegwa,customer741@mail.co.ke,Kenya
742,Ouma,Koech,customer742@mail.co.ke,Kenya
743,Mwangi,Odhiambo,customer743@mail.co.ke,Kenya
744,Otieno,Chebet,customer744@mail.co.ke,Kenya
745,Otieno,Wafula,customer745@mail.co.ke,Kenya
746,Wanjiku,Odhiambo,customer746@mail.co.ke,Kenya
747,Anyango,Mutua,customer747@mail.co.ke,Kenya
748,Otieno,Kariuki,customer748@mail.co.ke,Kenya
749,Otieno,Kariuki,customer749@mail.co.ke,Kenya
750,Cherono,Wafula,customer750@mail.co.ke,Kenya
751,Cherono,Omondi,customer751@mail.co.ke,Kenya
752,Wanjiku,Omondi,customer752@mail.co.ke,Kenya
753,Anyango,Ndegwa,customer753@mail.co.ke,Kenya
754,Mutiso,Koech,customer754@mail.co.ke,Kenya
755,Cherono,Njuguna,customer755@mail.co.ke,Kenya
756,Mutiso,Mutua,customer756@mail.co.ke,Kenya
757,Achieng,Odhiambo,customer757@mail.co.ke,Kenya
758,Cherono,Omondi,customer758@mail.co.ke,Kenya
759,Mwangi,Ndegwa,customer759@mail.co.ke,Kenya
760,Anyango,Ndegwa,customer760@mail.co.ke,Kenya
761,Wanjiku,Wafula,customer761@mail.co.ke,Kenya
762,Achieng,Mutua,customer762@mail.co.ke,Kenya
763,Anyango,Barasa,customer763@mail.co.ke,Kenya
764,Mwangi,Njuguna,customer764@mail.co.ke,Kenya
765,Anyango,Koech,customer765@mail.co.ke,Kenya
766,Mwangi,Chebet,customer766@mail.co.ke,Kenya
767,Mwangi,Wafula,customer767@mail.co.ke,Kenya
768,Mutiso,Njuguna,customer768@mail.co.ke,Kenya
769,Ouma,Chebet,customer769@mail.co.ke,Kenya
770,Achieng,Chebet,customer770@mail.co.ke,Kenya
771,Anyango,Mutua,customer771@mail.co.ke,Kenya
772,Kamau,Mutua,customer772@mail.co.ke,Kenya
773,Achieng,Odhiambo,customer773@mail.co.ke,Kenya
774,Ouma,Ndegwa,customer774@mail.co.ke,Kenya
775,Achieng,Njuguna,customer775@mail.co.ke,Kenya
776,Otieno,Wafula,customer776@mail.co.ke,Kenya
777,Kamau,Kariuki,customer777@mail.co.ke,Kenya
778,Ouma,Wafula,customer778@mail.co.ke,Kenya
779,Mutiso,Odhiambo,customer779@mail.co.ke,Kenya
780,Anyango,Koech,customer780@mail.co.ke,Kenya
781,Njeri,Ndegwa,customer781@mail.co.ke,Kenya
782,Ouma,Kariuki,customer782@mail.co.ke,Kenya
783,Wanjiku,Omondi,customer783@mail.co.ke,Kenya
784,Anyango,Koech,customer784@mail.co.ke,Kenya
785,Ouma,Mutua,customer785@mail.co.ke,Kenya
786,Otieno,Chebet,customer786@mail.co.ke,Kenya
787,Njeri,Omondi,customer787@mail.co.ke,Kenya
788,Otieno,Wafula,customer788@mail.co.ke,Kenya
789,Njeri,Wafula,customer789@mail.co.ke,Kenya
790,Wanjiku,Mutua,customer790@mail.co.ke,Kenya
791,Anyango,Odhiambo,customer791@mail.co.ke,Kenya
792,Mutiso,Njuguna,customer792@mail.co.ke,Kenya
793,Otieno,Omondi,customer793@mail.co.ke,Kenya
794,Otieno,Omondi,customer794@mail.co.ke,Kenya
795,Mwangi,Barasa,customer795@mail.co.ke,Kenya
796,Njeri,Koech,customer796@mail.co.ke,Kenya
797,Cherono,Ndegwa,customer797@mail.co.ke,Kenya
798,Anyango,Koech,customer798@mail.co.ke,Kenya
799,Njeri,Njuguna,customer799@mail.co.ke,Kenya
800,Mwangi,Wafula,customer800@mail.co.ke,Kenya
801,Achieng,Wafula,customer801@mail.co.ke,Kenya
802,Njeri,Wafula,customer802@mail.co.ke,Kenya
803,Mutiso,Barasa,customer803@mail.co.ke,Kenya
804,Anyango,Wafula,customer804@mail.co.ke,Kenya
805,Mwangi,Njuguna,customer805@mail.co.ke,Kenya
806,Achieng,Mutua,customer806@mail.co.ke,Kenya
807,Kamau,Ndegwa,customer807@mail.co.ke,Kenya
808,Mwangi,Njuguna,customer808@mail.co.ke,Kenya
809,Kamau,Ndegwa,customer809@mail.co.ke,Kenya
810,Anyango,Njuguna,customer810@mail.co.ke,Kenya
811,Otieno,Wafula,customer811@mail.co.ke,Kenya
812,Mwangi,Mutua,customer812@mail.co.ke,Kenya
813,Wanjiku,Omondi,customer813@mail.co.ke,Kenya
814,Kamau,Koech,customer814@mail.co.ke,Kenya
815,Mutiso,Chebet,customer815@mail.co.ke,Kenya
816,Wanjiku,Mutua,customer816@mail.co.ke,Kenya
817,Ouma,Omondi,customer817@mail.co.ke,Kenya
818,Ouma,Odhiambo,customer818@mail.co.ke,Kenya
819,Achieng,Njuguna,customer819@mail.co.ke,Kenya
820,Otieno,Odhiambo,customer820@mail.co.ke,Kenya
821,Anyango,Omondi,customer821@mail.co.ke,Kenya
822,Mwangi,Mutua,customer822@mail.co.ke,Kenya
823,Cherono,Njuguna,customer823@mail.co.ke,Kenya
824,Mutiso,Chebet,customer824@mail.co.ke,Kenya
825,Kamau,Wafula,customer825@mail.co.ke,Kenya
826,Anyango,Njuguna,customer826@mail.co.ke,Kenya
827,Wanjiku,Njuguna,customer827@mail.co.ke,Kenya
828,Ouma,Mutua,customer828@mail.co.ke,Kenya
829,Mutiso,Mutua,customer829@mail.co.ke,Kenya
830,Cherono,Omondi,customer830@mail.co.ke,Kenya
831,Mwangi,Kariuki,customer831@mail.co.ke,Kenya
832,Achieng,Njuguna,customer832@mail.co.ke,Kenya
833,Cherono,Koech,customer833@mail.co.ke,Kenya
834,Mutiso,Njuguna,customer834@mail.co.ke,Kenya
835,Cherono,Omondi,customer835@mail.co.ke,Kenya
836,Mutiso,Ndegwa,customer836@mail.co.ke,Kenya
837,Mutiso,Odhiambo,customer837@mail.co.ke,Kenya
838,Njeri,Wafula,customer838@mail.co.ke,Kenya
839,Kamau,Kariuki,customer839@mail.co.ke,Kenya
840,Ouma,Chebet,customer840@mail.co.ke,Kenya
841,Njeri,Chebet,customer841@mail.co.ke,Kenya
842,Mwangi,Chebet,customer842@mail.co.ke,Kenya
843,Njeri,Mutua,customer843@mail.co.ke,Kenya
844,Otieno,Chebet,customer844@mail.co.ke,Kenya
845,Otieno,Wafula,customer845@mail.co.ke,Kenya
846,Ouma,Odhiambo,customer846@mail.co.ke,Kenya
847,Cherono,Chebet,customer847@mail.co.ke,Kenya
848,Kamau,Njuguna,customer848@mail.co.ke,Kenya
849,Ouma,Njuguna,customer849@mail.co.ke,Kenya
850,Mutiso,Mutua,customer850@mail.co.ke,Kenya
851,Wanjiku,Wafula,customer851@mail.co.ke,Kenya
852,Kamau,Odhiambo,customer852@mail.co.ke,Kenya
853,Kamau,Kariuki,customer853@mail.co.ke,Kenya
854,Mutiso,Omondi,customer854@mail.co.ke,Kenya
855,Mutiso,Odhiambo,customer855@mail.co.ke,Kenya
856,Achieng,Omondi,customer856@mail.co.ke,Kenya
857,Ouma,Ndegwa,customer857@mail.co.ke,Kenya
858,Mutiso,Omondi,customer858@mail.co.ke,Kenya
859,Otieno,Koech,customer859@mail.co.ke,Kenya
860,Mwangi,Njuguna,customer860@mail.co.ke,Kenya
861,Wanjiku,Wafula,customer861@mail.co.ke,Kenya
862,Ouma,Barasa,customer862@mail.co.ke,Kenya
863,Anyango,Mutua,customer863@mail.co.ke,Kenya
864,Otieno,Koech,customer864@mail.co.ke,Kenya
865,Cherono,Omondi,customer865@mail.co.ke,Kenya
866,Mutiso,Chebet,customer866@mail.co.ke,Kenya
867,Anyango,Wafula,customer867@mail.co.ke,Kenya
868,Mutiso,Koech,customer868@mail.co.ke,Kenya
869,Kamau,Mutua,customer869@mail.co.ke,Kenya
870,Otieno,Njuguna,customer870@mail.co.ke,Kenya
871,Kamau,Wafula,customer871@mail.co.ke,Kenya
872,Achieng,Mutua,customer872@mail.co.ke,Kenya
873,Kamau,Ndegwa,customer873@mail.co.ke,Kenya
874,Achieng,Ndegwa,customer874@mail.co.ke,Kenya
875,Achieng,Mutua,customer875@mail.co.ke,Kenya
876,Anyango,Koech,customer876@mail.co.ke,Kenya
877,Mutiso,Wafula,customer877@mail.co.ke,Kenya
878,Cherono,Koech,customer878@mail.co.ke,Kenya
879,Kamau,Kariuki,customer879@mail.co.ke,Kenya
880,Otieno,Omondi,customer880@mail.co.ke,Kenya
881,Achieng,Kariuki,customer881@mail.co.ke,Kenya
882,Mutiso,Ndegwa,customer882@mail.co.ke,Kenya
883,Wanjiku,Njuguna,customer883@mail.co.ke,Kenya
884,Ouma,Odhiambo,customer884@mail.co.ke,Kenya
885,Anyango,Omondi,customer885@mail.co.ke,Kenya
886,Cherono,Ndegwa,customer886@mail.co.ke,Kenya
887,Njeri,Koech,customer887@mail.co.ke,Kenya
888,Anyango,Koech,customer888@mail.co.ke,Kenya
889,Wanjiku,Koech,customer889@mail.co.ke,Kenya
890,Ouma,Njuguna,customer890@mail.co.ke,Kenya
891,Wanjiku,Kariuki,customer891@mail.co.ke,Kenya
892,Kamau,Odhiambo,customer892@mail.co.ke,Kenya
893,Achieng,Koech,customer893@mail.co.ke,Kenya
894,Cherono,Barasa,customer894@mail.co.ke,Kenya
895,Mwangi,Omondi,customer895@mail.co.ke,Kenya
896,Achieng,Wafula,customer896@mail.co.ke,Kenya
897,Mwangi,Barasa,customer897@mail.co.ke,Kenya
898,Ouma,Odhiambo,customer898@mail.co.ke,Kenya
899,Mutiso,Njuguna,customer899@mail.co.ke,Kenya
900,Njeri,Odhiambo,customer900@mail.co.ke,Kenya
901,Otieno,Wafula,customer901@mail.co.ke,Kenya
902,Achieng,Omondi,customer902@mail.co.ke,Kenya
903,Cherono,Wafula,customer903@mail.co.ke,Kenya
904,Wanjiku,Mutua,customer904@mail.co.ke,Kenya
905,Cherono,Omondi,customer905@mail.co.ke,Kenya
906,Ouma,Odhiambo,customer906@mail.co.ke,Kenya
907,Mwangi,Koech,customer907@mail.co.ke,Kenya
908,Wanjiku,Odhiambo,customer908@mail.co.ke,Kenya
909,Otieno,Odhiambo,customer909@mail.co.ke,Kenya
910,Otieno,Omondi,customer910@mail.co.ke,Kenya
911,Achieng,Mutua,customer911@mail.co.ke,Kenya
912,Ouma,Odhiambo,customer912@mail.co.ke,Kenya
913,Mutiso,Barasa,customer913@mail.co.ke,Kenya
914,Ouma,Ndegwa,customer914@mail.co.ke,Kenya
915,Mwangi,Chebet,customer915@mail.co.ke,Kenya
916,Cherono,Chebet,customer916@mail.co.ke,Kenya
917,Otieno,Odhiambo,customer917@mail.co.ke,Kenya
918,Cherono,Barasa,customer918@mail.co.ke,Kenya
919,Cherono,Koech,customer919@mail.co.ke,Kenya
920,Cherono,Njuguna,customer920@mail.co.ke,Kenya
921,Otieno,Njuguna,customer921@mail.co.ke,Kenya
922,Anyango,Omondi,customer922@mail.co.ke,Kenya
923,Kamau,Chebet,customer923@mail.co.ke,Kenya
924,Mwangi,Odhiambo,customer924@mail.co.ke,Kenya
925,Anyango,Njuguna,customer925@mail.co.ke,Kenya
926,Mwangi,Odhiambo,customer926@mail.co.ke,Kenya
927,Wanjiku,Omondi,customer927@mail.co.ke,Kenya
928,Ouma,Chebet,customer928@mail.co.ke,Kenya
929,Ouma,Wafula,customer929@mail.co.ke,Kenya
930,Njeri,Ndegwa,customer930@mail.co.ke,Kenya
931,Ouma,Ndegwa,customer931@mail.co.ke,Kenya
932,Otieno,Njuguna,customer932@mail.co.ke,Kenya
933,Mutiso,Ndegwa,customer933@mail.co.ke,Kenya
934,Achieng,Wafula,customer934@mail.co.ke,Kenya
935,Njeri,Odhiambo,customer935@mail.co.ke,Kenya
936,Achieng,Omondi,customer936@mail.co.ke,Kenya
937,Mwangi,Wafula,customer937@mail.co.ke,Kenya
938,Achieng,Omondi,customer938@mail.co.ke,Kenya
939,Achieng,Omondi,customer939@mail.co.ke,Kenya
940,Njeri,Chebet,customer940@mail.co.ke,Kenya
941,Wanjiku,Odhiambo,customer941@mail.co.ke,Kenya
942,Cherono,Barasa,customer942@mail.co.ke,Kenya
943,Ouma,Ndegwa,customer943@mail.co.ke,Kenya
944,Ouma,Barasa,customer944@mail.co.ke,Kenya
945,Otieno,Chebet,customer945@mail.co.ke,Kenya
946,Njeri,Omondi,customer946@mail.co.ke,Kenya
947,Otieno,Njuguna,customer947@mail.co.ke,Kenya
948,Mutiso,Ndegwa,customer948@mail.co.ke,Kenya
949,Mutiso,Ndegwa,customer949@mail.co.ke,Kenya
950,Otieno,Odhiambo,customer950@mail.co.ke,Kenya
951,Njeri,Mutua,customer951@mail.co.ke,Kenya
952,Otieno,Kariuki,customer952@mail.co.ke,Kenya
953,Ouma,Kariuki,customer953@mail.co.ke,Kenya
954,Anyango,Kariuki,customer954@mail.co.ke,Kenya
955,Kamau,Mutua,customer955@mail.co.ke,Kenya
956,Achieng,Odhiambo,customer956@mail.co.ke,Kenya
957,Kamau,Mutua,customer957@mail.co.ke,Kenya
958,Njeri,Kariuki,customer958@mail.co.ke,Kenya
959,Kamau,Chebet,customer959@mail.co.ke,Kenya
960,Mutiso,Wafula,customer960@mail.co.ke,Kenya
961,Mwangi,Omondi,customer961@mail.co.ke,Kenya
962,Achieng,Mutua,customer962@mail.co.ke,Kenya
963,Cherono,Odhiambo,customer963@mail.co.ke,Kenya
964,Njeri,Odhiambo,customer964@mail.co.ke,Kenya
965,Achieng,Barasa,customer965@mail.co.ke,Kenya
966,Kamau,Wafula,customer966@mail.co.ke,Kenya
967,Mutiso,Njuguna,customer967@mail.co.ke,Kenya
968,Wanjiku,Ndegwa,customer968@mail.co.ke,Kenya
969,Anyango,Kariuki,customer969@mail.co.ke,Kenya
970,Cherono,Njuguna,customer970@mail.co.ke,Kenya
971,Anyango,Barasa,customer971@mail.co.ke,Kenya
972,Achieng,Kariuki,customer972@mail.co.ke,Kenya
973,Mutiso,Wafula,customer973@mail.co.ke,Kenya
974,Mutiso,Barasa,customer974@mail.co.ke,Kenya
975,Kamau,Kariuki,customer975@mail.co.ke,Kenya
976,Ouma,Wafula,customer976@mail.co.ke,Kenya
977,Kamau,Koech,customer977@mail.co.ke,Kenya
978,Ouma,Njuguna,customer978@mail.co.ke,Kenya
979,Ouma,Njuguna,customer979@mail.co.ke,Kenya
980,Cherono,Ndegwa,customer980@mail.co.ke,Kenya
981,Kamau,Wafula,customer981@mail.co.ke,Kenya
982,Wanjiku,Mutua,customer982@mail.co.ke,Kenya
983,Otieno,Koech,customer983@mail.co.ke,Kenya
984,Otieno,Chebet,customer984@mail.co.ke,Kenya
985,Kamau,Kariuki,customer985@mail.co.ke,Kenya
986,Kamau,Koech,customer986@mail.co.ke,Kenya
987,Anyango,Wafula,customer987@mail.co.ke,Kenya
988,Cherono,Omondi,customer988@mail.co.ke,Kenya
989,Kamau,Kariuki,customer989@mail.co.ke,Kenya
990,Anyango,Odhiambo,customer990@mail.co.ke,Kenya
991,Ouma,Njuguna,customer991@mail.co.ke,Kenya
992,Mutiso,Wafula,customer992@mail.co.ke,Kenya
993,Mutiso,Odhiambo,customer993@mail.co.ke,Kenya
994,Ouma,Ndegwa,customer994@mail.co.ke,Kenya
995,Njeri,Barasa,customer995@mail.co.ke,Kenya
996,Anyango,Chebet,customer996@mail.co.ke,Kenya
997,Anyango,Chebet,customer997@mail.co.ke,Kenya
998,Ouma,Odhiambo,customer998@mail.co.ke,Kenya
999,Wanjiku,Njuguna,customer999@mail.co.ke,Kenya
1000,Mwangi,Ndegwa,customer1000@mail.co.ke,Kenya
1001,Achieng,Omondi,customer1001@mail.co.ke,Kenya
1002,Ouma,Njuguna,customer1002@mail.co.ke,Kenya
1003,Kamau,Koech,customer1003@mail.co.ke,Kenya
1004,Kamau,Chebet,customer1004@mail.co.ke,Kenya
1005,Cherono,Koech,customer1005@mail.co.ke,Kenya
1006,Ouma,Kariuki,customer1006@mail.co.ke,Kenya
1007,Cherono,Mutua,customer1007@mail.co.ke,Kenya
1008,Ouma,Wafula,customer1008@mail.co.ke,Kenya
1009,Anyango,Ndegwa,customer1009@mail.co.ke,Kenya
1010,Achieng,Njuguna,customer1010@mail.co.ke,Kenya
1011,Anyango,Chebet,customer1011@mail.co.ke,Kenya
1012,Mwangi,Koech,customer1012@mail.co.ke,Kenya
1013,Mutiso,Barasa,customer1013@mail.co.ke,Kenya
1014,Otieno,Kariuki,customer1014@mail.co.ke,Kenya
1015,Ouma,Wafula,customer1015@mail.co.ke,Kenya
1016,Mwangi,Wafula,customer1016@mail.co.ke,Kenya
1017,Mutiso,Njuguna,customer1017@mail.co.ke,Kenya
1018,Njeri,Ndegwa,customer1018@mail.co.ke,Kenya
1019,Achieng,Omondi,customer1019@mail.co.ke,Kenya
1020,Cherono,Barasa,customer1020@mail.co.ke,Kenya
1021,Cherono,Njuguna,customer1021@mail.co.ke,Kenya
1022,Anyango,Koech,customer1022@mail.co.ke,Kenya
1023,Kamau,Mutua,customer1023@mail.co.ke,Kenya
1024,Mutiso,Odhiambo,customer1024@mail.co.ke,Kenya
1025,Njeri,Omondi,customer1025@mail.co.ke,Kenya
1026,Mwangi,Ndegwa,customer1026@mail.co.ke,Kenya
1027,Achieng,Kariuki,customer1027@mail.co.ke,Kenya
1028,Mutiso,Omondi,customer1028@mail.co.ke,Kenya
1029,Njeri,Chebet,customer1029@mail.co.ke,Kenya
1030,Otieno,Ndegwa,customer1030@mail.co.ke,Kenya
1031,Ouma,Mutua,customer1031@mail.co.ke,Kenya
1032,Cherono,Chebet,customer1032@mail.co.ke,Kenya
1033,Mwangi,Omondi,customer1033@mail.co.ke,Kenya
1034,Cherono,Odhiambo,customer1034@mail.co.ke,Kenya
1035,Mwangi,Odhiambo,customer1035@mail.co.ke,Kenya
1036,Anyango,Mutua,customer1036@mail.co.ke,Kenya
1037,Kamau,Wafula,customer1037@mail.co.ke,Kenya
1038,Mwangi,Barasa,customer1038@mail.co.ke,Kenya
1039,Cherono,Kariuki,customer1039@mail.co.ke,Kenya
1040,Anyango,Wafula,customer1040@mail.co.ke,Kenya
1041,Mwangi,Odhiambo,customer1041@mail.co.ke,Kenya
1042,Otieno,Odhiambo,customer1042@mail.co.ke,Kenya
1043,Kamau,Koech,customer1043@mail.co.ke,Kenya
1044,Mwangi,Chebet,customer1044@mail.co.ke,Kenya
1045,Anyango,Omondi,customer1045@mail.co.ke,Kenya
1046,Mutiso,Kariuki,customer1046@mail.co.ke,Kenya
1047,Wanjiku,Mutua,customer1047@mail.co.ke,Kenya
1048,Njeri,Omondi,customer1048@mail.co.ke,Kenya
1049,Wanjiku,Koech,customer1049@mail.co.ke,Kenya
1050,Wanjiku,Odhiambo,customer1050@mail.co.ke,Kenya
1051,Achieng,Mutua,customer1051@mail.co.ke,Kenya
1052,Otieno,Odhiambo,customer1052@mail.co.ke,Kenya
1053,Mutiso,Kariuki,customer1053@mail.co.ke,Kenya
1054,Ouma,Chebet,customer1054@mail.co.ke,Kenya
1055,Mwangi,Omondi,customer1055@mail.co.ke,Kenya
1056,Njeri,Omondi,customer1056@mail.co.ke,Kenya
1057,Kamau,Wafula,customer1057@mail.co.ke,Kenya
1058,Mutiso,Mutua,customer1058@mail.co.ke,Kenya
1059,Cherono,Barasa,customer1059@mail.co.ke,Kenya
1060,Ouma,Koech,customer1060@mail.co.ke,Kenya
1061,Achieng,Barasa,customer1061@mail.co.ke,Kenya
1062,Achieng,Wafula,customer1062@mail.co.ke,Kenya
1063,Mutiso,Kariuki,customer1063@mail.co.ke,Kenya
1064,Anyango,Koech,customer1064@mail.co.ke,Kenya
1065,Wanjiku,Chebet,customer1065@mail.co.ke,Kenya
1066,Cherono,Barasa,customer1066@mail.co.ke,Kenya
1067,Achieng,Chebet,customer1067@mail.co.ke,Kenya
1068,Njeri,Barasa,customer1068@mail.co.ke,Kenya
1069,Achieng,Chebet,customer1069@mail.co.ke,Kenya
1070,Kamau,Barasa,customer1070@mail.co.ke,Kenya
1071,Mwangi,Chebet,customer1071@mail.co.ke,Kenya
1072,Achieng,Wafula,customer1072@mail.co.ke,Kenya
1073,Kamau,Ndegwa,customer1073@mail.co.ke,Kenya
1074,Mutiso,Koech,customer1074@mail.co.ke,Kenya
1075,Mutiso,Mutua,customer1075@mail.co.ke,Kenya
1076,Ouma,Kariuki,customer1076@mail.co.ke,Kenya
1077,Achieng,Njuguna,customer1077@mail.co.ke,Kenya
1078,Njeri,Odhiambo,customer1078@mail.co.ke,Kenya
1079,Achieng,Mutua,customer1079@mail.co.ke,Kenya
1080,Njeri,Odhiambo,customer1080@mail.co.ke,Kenya
1081,Otieno,Koech,customer1081@mail.co.ke,Kenya
1082,Ouma,Mutua,customer1082@mail.co.ke,Kenya
1083,Otieno,Chebet,customer1083@mail.co.ke,Kenya
1084,Achieng,Chebet,customer1084@mail.co.ke,Kenya
1085,Ouma,Njuguna,customer1085@mail.co.ke,Kenya
1086,Otieno,Odhiambo,customer1086@mail.co.ke,Kenya
1087,Wanjiku,Kariuki,customer1087@mail.co.ke,Kenya
1088,Achieng,Koech,customer1088@mail.co.ke,Kenya
1089,Otieno,Chebet,customer1089@mail.co.ke,Kenya
1090,Wanjiku,Ndegwa,customer1090@mail.co.ke,Kenya
1091,Wanjiku,Wafula,customer1091@mail.co.ke,Kenya
1092,Mutiso,Wafula,customer1092@mail.co.ke,Kenya
1093,Achieng,Barasa,customer1093@mail.co.ke,Kenya
1094,Wanjiku,Kariuki,customer1094@mail.co.ke,Kenya
1095,Mutiso,Wafula,customer1095@mail.co.ke,Kenya
1096,Otieno,Barasa,customer1096@mail.co.ke,Kenya
1097,Kamau,Odhiambo,customer1097@mail.co.ke,Kenya
1098,Achieng,Chebet,customer1098@mail.co.ke,Kenya
1099,Ouma,Chebet,customer1099@mail.co.ke,Kenya
1100,Njeri,Ndegwa,customer1100@mail.co.ke,Kenya
1101,Njeri,Mutua,customer1101@mail.co.ke,Kenya
1102,Otieno,Wafula,customer1102@mail.co.ke,Kenya
1103,Anyango,Odhiambo,customer1103@mail.co.ke,Kenya
1104,Anyango,Omondi,customer1104@mail.co.ke,Kenya
1105,Otieno,Wafula,customer1105@mail.co.ke,Kenya
1106,Wanjiku,Kariuki,customer1106@mail.co.ke,Kenya
1107,Achieng,Mutua,customer1107@mail.co.ke,Kenya
1108,Njeri,Wafula,customer1108@mail.co.ke,Kenya
1109,Njeri,Odhiambo,customer1109@mail.co.ke,Kenya
1110,Wanjiku,Wafula,customer1110@mail.co.ke,Kenya
1111,Njeri,Kariuki,customer1111@mail.co.ke,Kenya
1112,Ouma,Omondi,customer1112@mail.co.ke,Kenya
1113,Achieng,Koech,customer1113@mail.co.ke,Kenya
1114,Mwangi,Njuguna,customer1114@mail.co.ke,Kenya
1115,Njeri,Omondi,customer1115@mail.co.ke,Kenya
1116,Otieno,Barasa,customer1116@mail.co.ke,Kenya
1117,Ouma,Wafula,customer1117@mail.co.ke,Kenya
1118,Njeri,Chebet,customer1118@mail.co.ke,Kenya
1119,Ouma,Ndegwa,customer1119@mail.co.ke,Kenya
1120,Mutiso,Chebet,customer1120@mail.co.ke,Kenya
1121,Mwangi,Omondi,customer1121@mail.co.ke,Kenya
1122,Cherono,Chebet,customer1122@mail.co.ke,Kenya
1123,Otieno,Odhiambo,customer1123@mail.co.ke,Kenya
1124,Otieno,Chebet,customer1124@mail.co.ke,Kenya
1125,Achieng,Mutua,customer1125@mail.co.ke,Kenya
1126,Ouma,Koech,customer1126@mail.co.ke,Kenya
1127,Wanjiku,Wafula,customer1127@mail.co.ke,Kenya
1128,Otieno,Chebet,customer1128@mail.co.ke,Kenya
1129,Ouma,Kariuki,customer1129@mail.co.ke,Kenya
1130,Ouma,Koech,customer1130@mail.co.ke,Kenya
1131,Kamau,Koech,customer1131@mail.co.ke,Kenya
1132,Kamau,Chebet,customer1132@mail.co.ke,Kenya
1133,Cherono,Koech,customer1133@mail.co.ke,Kenya
1134,Mutiso,Ndegwa,customer1134@mail.co.ke,Kenya
1135,Cherono,Chebet,customer1135@mail.co.ke,Kenya
1136,Njeri,Odhiambo,customer1136@mail.co.ke,Kenya
1137,Wanjiku,Omondi,customer1137@mail.co.ke,Kenya
1138,Njeri,Mutua,customer1138@mail.co.ke,Kenya
1139,Anyango,Njuguna,customer1139@mail.co.ke,Kenya
1140,Njeri,Barasa,customer1140@mail.co.ke,Kenya
1141,Achieng,Koech,customer1141@mail.co.ke,Kenya
1142,Njeri,Odhiambo,customer1142@mail.co.ke,Kenya
1143,Cherono,Wafula,customer1143@mail.co.ke,Kenya
1144,Otieno,Wafula,customer1144@mail.co.ke,Kenya
1145,Otieno,Barasa,customer1145@mail.co.ke,Kenya
1146,Kamau,Mutua,customer1146@mail.co.ke,Kenya
1147,Wanjiku,Koech,customer1147@mail.co.ke,Kenya
1148,Wanjiku,Ndegwa,customer1148@mail.co.ke,Kenya
1149,Achieng,Barasa,customer1149@mail.co.ke,Kenya
1150,Cherono,Mutua,customer1150@mail.co.ke,Kenya
1151,Kamau,Koech,customer1151@mail.co.ke,Kenya
1152,Anyango,Odhiambo,customer1152@mail.co.ke,Kenya
1153,Wanjiku,Omondi,customer1153@mail.co.ke,Kenya
1154,Otieno,Ndegwa,customer1154@mail.co.ke,Kenya
1155,Njeri,Njuguna,customer1155@mail.co.ke,Kenya
1156,Njeri,Wafula,customer1156@mail.co.ke,Kenya
1157,Kamau,Kariuki,customer1157@mail.co.ke,Kenya
1158,Cherono,Odhiambo,customer1158@mail.co.ke,Kenya
1159,Cherono,Wafula,customer1159@mail.co.ke,Kenya
1160,Mutiso,Chebet,customer1160@mail.co.ke,Kenya
1161,Mwangi,Kariuki,customer1161@mail.co.ke,Kenya
1162,Wanjiku,Wafula,customer1162@mail.co.ke,Kenya
1163,Cherono,Mutua,customer1163@mail.co.ke,Kenya
1164,Otieno,Ndegwa,customer1164@mail.co.ke,Kenya
1165,Kamau,Wafula,customer1165@mail.co.ke,Kenya
1166,Anyango,Njuguna,customer1166@mail.co.ke,Kenya
1167,Mutiso,Omondi,customer1167@mail.co.ke,Kenya
1168,Ouma,Mutua,customer1168@mail.co.ke,Kenya
1169,Achieng,Odhiambo,customer1169@mail.co.ke,Kenya
1170,Anyango,Odhiambo,customer1170@mail.co.ke,Kenya
1171,Ouma,Odhiambo,customer1171@mail.co.ke,Kenya
1172,Njeri,Odhiambo,customer1172@mail.co.ke,Kenya
1173,Achieng,Omondi,customer1173@mail.co.ke,Kenya
1174,Wanjiku,Wafula,customer1174@mail.co.ke,Kenya
1175,Otieno,Koech,customer1175@mail.co.ke,Kenya
1176,Achieng,Wafula,customer1176@mail.co.ke,Kenya
1177,Mwangi,Chebet,customer1177@mail.co.ke,Kenya
1178,Ouma,Ndegwa,customer1178@mail.co.ke,Kenya
1179,Wanjiku,Kariuki,customer1179@mail.co.ke,Kenya
1180,Mwangi,Koech,customer1180@mail.co.ke,Kenya
1181,Njeri,Koech,customer1181@mail.co.ke,Kenya
1182,Mwangi,Wafula,customer1182@mail.co.ke,Kenya
1183,Mutiso,Koech,customer1183@mail.co.ke,Kenya
1184,Mutiso,Barasa,customer1184@mail.co.ke,Kenya
1185,Kamau,Barasa,customer1185@mail.co.ke,Kenya
1186,Anyango,Chebet,customer1186@mail.co.ke,Kenya
1187,Anyango,Kariuki,customer1187@mail.co.ke,Kenya
1188,Wanjiku,Njuguna,customer1188@mail.co.ke,Kenya
1189,Njeri,Omondi,customer1189@mail.co.ke,Kenya
1190,Cherono,Wafula,customer1190@mail.co.ke,Kenya
1191,Mutiso,Omondi,customer1191@mail.co.ke,Kenya
1192,Wanjiku,Njuguna,customer1192@mail.co.ke,Kenya
1193,Cherono,Wafula,customer1193@mail.co.ke,Kenya
1194,Anyango,Wafula,customer1194@mail.co.ke,Kenya
1195,Kamau,Kariuki,customer1195@mail.co.ke,Kenya
1196,Mwangi,Omondi,customer1196@mail.co.ke,Kenya
1197,Mutiso,Barasa,customer1197@mail.co.ke,Kenya
1198,Wanjiku,Odhiambo,customer1198@mail.co.ke,Kenya
1199,Achieng,Omondi,customer1199@mail.co.ke,Kenya
1200,Cherono,Ndegwa,customer1200@mail.co.ke,Kenya
1201,Mwangi,Ndegwa,customer1201@mail.co.ke,Kenya
1202,Mutiso,Wafula,customer1202@mail.co.ke,Kenya
1203,Anyango,Odhiambo,customer1203@mail.co.ke,Kenya
1204,Njeri,Mutua,customer1204@mail.co.ke,Kenya
1205,Cherono,Njuguna,customer1205@mail.co.ke,Kenya
1206,Anyango,Chebet,customer1206@mail.co.ke,Kenya
1207,Mutiso,Odhiambo,customer1207@mail.co.ke,Kenya
1208,Cherono,Chebet,customer1208@mail.co.ke,Kenya
1209,Mwangi,Omondi,customer1209@mail.co.ke,Kenya
1210,Mutiso,Omondi,customer1210@mail.co.ke,Kenya
1211,Ouma,Chebet,customer1211@mail.co.ke,Kenya
1212,Wanjiku,Njuguna,customer1212@mail.co.ke,Kenya
1213,Mwangi,Odhiambo,customer1213@mail.co.ke,Kenya
1214,Cherono,Mutua,customer1214@mail.co.ke,Kenya
1215,Njeri,Wafula,customer1215@mail.co.ke,Kenya
1216,Anyango,Kariuki,customer1216@mail.co.ke,Kenya
1217,Achieng,Omondi,customer1217@mail.co.ke,Kenya
1218,Anyango,Ndegwa,customer1218@mail.co.ke,Kenya
1219,Cherono,Njuguna,customer1219@mail.co.ke,Kenya
1220,Anyango,Kariuki,customer1220@mail.co.ke,Kenya
1221,Wanjiku,Mutua,customer1221@mail.co.ke,Kenya
1222,Mutiso,Koech,customer1222@mail.co.ke,Kenya
1223,Achieng,Wafula,customer1223@mail.co.ke,Kenya
1224,Otieno,Omondi,customer1224@mail.co.ke,Kenya
1225,Cherono,Wafula,customer1225@mail.co.ke,Kenya
1226,Kamau,Kariuki,customer1226@mail.co.ke,Kenya
1227,Otieno,Wafula,customer1227@mail.co.ke,Kenya
1228,Anyango,Koech,customer1228@mail.co.ke,Kenya
1229,Cherono,Kariuki,customer1229@mail.co.ke,Kenya
1230,Ouma,Omondi,customer1230@mail.co.ke,Kenya
1231,Kamau,Odhiambo,customer1231@mail.co.ke,Kenya
1232,Achieng,Ndegwa,customer1232@mail.co.ke,Kenya
1233,Njeri,Kariuki,customer1233@mail.co.ke,Kenya
1234,Ouma,Barasa,customer1234@mail.co.ke,Kenya
1235,Otieno,Koech,customer1235@mail.co.ke,Kenya
1236,Mutiso,Kariuki,customer1236@mail.co.ke,Kenya
1237,Wanjiku,Kariuki,customer1237@mail.co.ke,Kenya
1238,Njeri,Barasa,customer1238@mail.co.ke,Kenya
1239,Ouma,Omondi,customer1239@mail.co.ke,Kenya
1240,Mutiso,Kariuki,customer1240@mail.co.ke,Kenya
1241,Mutiso,Ndegwa,customer1241@mail.co.ke,Kenya
1242,Cherono,Wafula,customer1242@mail.co.ke,Kenya
1243,Ouma,Omondi,customer1243@mail.co.ke,Kenya
1244,Achieng,Ndegwa,customer1244@mail.co.ke,Kenya
1245,Anyango,Omondi,customer1245@mail.co.ke,Kenya
1246,Kamau,Ndegwa,customer1246@mail.co.ke,Kenya
1247,Kamau,Koech,customer1247@mail.co.ke,Kenya
1248,Otieno,Ndegwa,customer1248@mail.co.ke,Kenya
1249,Otieno,Chebet,customer1249@mail.co.ke,Kenya
1250,Kamau,Ndegwa,customer1250@mail.co.ke,Kenya
1251,Achieng,Odhiambo,customer1251@mail.co.ke,Kenya
1252,Wanjiku,Odhiambo,customer1252@mail.co.ke,Kenya
1253,Mwangi,Njuguna,customer1253@mail.co.ke,Kenya
1254,Anyango,Chebet,customer1254@mail.co.ke,Kenya
1255,Wanjiku,Chebet,customer1255@mail.co.ke,Kenya
1256,Cherono,Wafula,customer1256@mail.co.ke,Kenya
1257,Mwangi,Chebet,customer1257@mail.co.ke,Kenya
1258,Mwangi,Wafula,customer1258@mail.co.ke,Kenya
1259,Ouma,Njuguna,customer1259@mail.co.ke,Kenya
1260,Achieng,Njuguna,customer1260@mail.co.ke,Kenya
1261,Achieng,Koech,customer1261@mail.co.ke,Kenya
1262,Mwangi,Odhiambo,customer1262@mail.co.ke,Kenya
1263,Ouma,Ndegwa,customer1263@mail.co.ke,Kenya
1264,Anyango,Ndegwa,customer1264@mail.co.ke,Kenya
1265,Mwangi,Barasa,customer1265@mail.co.ke,Kenya
1266,Njeri,Barasa,customer1266@mail.co.ke,Kenya
1267,Otieno,Mutua,customer1267@mail.co.ke,Kenya
1268,Otieno,Omondi,customer1268@mail.co.ke,Kenya
1269,Wanjiku,Koech,customer1269@mail.co.ke,Kenya
1270,Cherono,Mutua,customer1270@mail.co.ke,Kenya
1271,Otieno,Mutua,customer1271@mail.co.ke,Kenya
1272,Mutiso,Kariuki,customer1272@mail.co.ke,Kenya
1273,Wanjiku,Kariuki,customer1273@mail.co.ke,Kenya
1274,Otieno,Mutua,customer1274@mail.co.ke,Kenya
1275,Cherono,Chebet,customer1275@mail.co.ke,Kenya
1276,Achieng,Omondi,customer1276@mail.co.ke,Kenya
1277,Achieng,Koech,customer1277@mail.co.ke,Kenya
1278,Anyango,Mutua,customer1278@mail.co.ke,Kenya
1279,Mwangi,Ndegwa,customer1279@mail.co.ke,Kenya
1280,Njeri,Omondi,customer1280@mail.co.ke,Kenya
1281,Achieng,Kariuki,customer1281@mail.co.ke,Kenya
1282,Ouma,Ndegwa,customer1282@mail.co.ke,Kenya
1283,Otieno,Kariuki,customer1283@mail.co.ke,Kenya
1284,Ouma,Kariuki,customer1284@mail.co.ke,Kenya
1285,Cherono,Omondi,customer1285@mail.co.ke,Kenya
1286,Achieng,Kariuki,customer1286@mail.co.ke,Kenya
1287,Njeri,Njuguna,customer1287@mail.co.ke,Kenya
1288,Cherono,Odhiambo,customer1288@mail.co.ke,Kenya
1289,Mutiso,Njuguna,customer1289@mail.co.ke,Kenya
1290,Mutiso,Odhiambo,customer1290@mail.co.ke,Kenya
1291,Ouma,Barasa,customer1291@mail.co.ke,Kenya
1292,Mwangi,Barasa,customer1292@mail.co.ke,Kenya
1293,Wanjiku,Kariuki,customer1293@mail.co.ke,Kenya
1294,Mwangi,Koech,customer1294@mail.co.ke,Kenya
1295,Anyango,Koech,customer1295@mail.co.ke,Kenya
1296,Mwangi,Odhiambo,customer1296@mail.co.ke,Kenya
1297,Anyango,Ndegwa,customer1297@mail.co.ke,Kenya
1298,Anyango,Omondi,customer1298@mail.co.ke,Kenya
1299,Njeri,Kariuki,customer1299@mail.co.ke,Kenya
1300,Achieng,Omondi,customer1300@mail.co.ke,Kenya
1301,Njeri,Njuguna,customer1301@mail.co.ke,Kenya
1302,Anyango,Koech,customer1302@mail.co.ke,Kenya
1303,Cherono,Chebet,customer1303@mail.co.ke,Kenya
1304,Mutiso,Njuguna,customer1304@mail.co.ke,Kenya
1305,Anyango,Njuguna,customer1305@mail.co.ke,Kenya
1306,Njeri,Odhiambo,customer1306@mail.co.ke,Kenya
1307,Cherono,Wafula,customer1307@mail.co.ke,Kenya
1308,Njeri,Njuguna,customer1308@mail.co.ke,Kenya
1309,Mwangi,Kariuki,customer1309@mail.co.ke,Kenya
1310,Otieno,Mutua,customer1310@mail.co.ke,Kenya
1311,Ouma,Mutua,customer1311@mail.co.ke,Kenya
1312,Wanjiku,Kariuki,customer1312@mail.co.ke,Kenya
1313,Njeri,Wafula,customer1313@mail.co.ke,Kenya
1314,Wanjiku,Wafula,customer1314@mail.co.ke,Kenya
1315,Kamau,Odhiambo,customer1315@mail.co.ke,Kenya
1316,Njeri,Koech,customer1316@mail.co.ke,Kenya
1317,Otieno,Omondi,customer1317@mail.co.ke,Kenya
1318,Wanjiku,Wafula,customer1318@mail.co.ke,Kenya
1319,Anyango,Chebet,customer1319@mail.co.ke,Kenya
1320,Njeri,Odhiambo,customer1320@mail.co.ke,Kenya
1321,Achieng,Barasa,customer1321@mail.co.ke,Kenya
1322,Ouma,Ndegwa,customer1322@mail.co.ke,Kenya
1323,Otieno,Barasa,customer1323@mail.co.ke,Kenya
1324,Wanjiku,Odhiambo,customer1324@mail.co.ke,Kenya
1325,Otieno,Njuguna,customer1325@mail.co.ke,Kenya
1326,Cherono,Omondi,customer1326@mail.co.ke,Kenya
1327,Ouma,Ndegwa,customer1327@mail.co.ke,Kenya
1328,Anyango,Barasa,customer1328@mail.co.ke,Kenya
1329,Njeri,Ndegwa,customer1329@mail.co.ke,Kenya
1330,Njeri,Chebet,customer1330@mail.co.ke,Kenya
1331,Njeri,Chebet,customer1331@mail.co.ke,Kenya
1332,Ouma,Chebet,customer1332@mail.co.ke,Kenya
1333,Achieng,Odhiambo,customer1333@mail.co.ke,Kenya
1334,Kamau,Omondi,customer1334@mail.co.ke,Kenya
1335,Mutiso,Odhiambo,customer1335@mail.co.ke,Kenya
1336,Mwangi,Mutua,customer1336@mail.co.ke,Kenya
1337,Wanjiku,Njuguna,customer1337@mail.co.ke,Kenya
1338,Achieng,Njuguna,customer1338@mail.co.ke,Kenya
1339,Anyango,Chebet,customer1339@mail.co.ke,Kenya
1340,Wanjiku,Mutua,customer1340@mail.co.ke,Kenya
1341,Njeri,Wafula,customer1341@mail.co.ke,Kenya
1342,Otieno,Wafula,customer1342@mail.co.ke,Kenya
1343,Anyango,Chebet,customer1343@mail.co.ke,Kenya
1344,Wanjiku,Barasa,customer1344@mail.co.ke,Kenya
1345,Njeri,Odhiambo,customer1345@mail.co.ke,Kenya
1346,Wanjiku,Chebet,customer1346@mail.co.ke,Kenya
1347,Otieno,Koech,customer1347@mail.co.ke,Kenya
1348,Njeri,Ndegwa,customer1348@mail.co.ke,Kenya
1349,Kamau,Njuguna,customer1349@mail.co.ke,Kenya
1350,Achieng,Wafula,customer1350@mail.co.ke,Kenya
1351,Cherono,Kariuki,customer1351@mail.co.ke,Kenya
1352,Mwangi,Wafula,customer1352@mail.co.ke,Kenya
1353,Ouma,Njuguna,customer1353@mail.co.ke,Kenya
1354,Mwangi,Ndegwa,customer1354@mail.co.ke,Kenya
1355,Anyango,Njuguna,customer1355@mail.co.ke,Kenya
1356,Mwangi,Kariuki,customer1356@mail.co.ke,Kenya
1357,Njeri,Chebet,customer1357@mail.co.ke,Kenya
1358,Kamau,Mutua,customer1358@mail.co.ke,Kenya
1359,Cherono,Kariuki,customer1359@mail.co.ke,Kenya
1360,Achieng,Njuguna,customer1360@mail.co.ke,Kenya
1361,Achieng,Njuguna,customer1361@mail.co.ke,Kenya
1362,Otieno,Koech,customer1362@mail.co.ke,Kenya
1363,Ouma,Koech,customer1363@mail.co.ke,Kenya
1364,Wanjiku,Omondi,customer1364@mail.co.ke,Kenya
1365,Kamau,Koech,customer1365@mail.co.ke,Kenya
1366,Wanjiku,Odhiambo,customer1366@mail.co.ke,Kenya
1367,Cherono,Mutua,customer1367@mail.co.ke,Kenya
1368,Mwangi,Ndegwa,customer1368@mail.co.ke,Kenya
1369,Achieng,Kariuki,customer1369@mail.co.ke,Kenya
1370,Cherono,Njuguna,customer1370@mail.co.ke,Kenya
1371,Mwangi,Omondi,customer1371@mail.co.ke,Kenya
1372,Achieng,Omondi,customer1372@mail.co.ke,Kenya
1373,Mwangi,Ndegwa,customer1373@mail.co.ke,Kenya
1374,Ouma,Mutua,customer1374@mail.co.ke,Kenya
1375,Kamau,Kariuki,customer1375@mail.co.ke,Kenya
1376,Anyango,Wafula,customer1376@mail.co.ke,Kenya
1377,Cherono,Koech,customer1377@mail.co.ke,Kenya
1378,Cherono,Chebet,customer1378@mail.co.ke,Kenya
1379,Mutiso,Omondi,customer1379@mail.co.ke,Kenya
1380,Njeri,Koech,customer1380@mail.co.ke,Kenya
1381,Ouma,Koech,customer1381@mail.co.ke,Kenya
1382,Ouma,Odhiambo,customer1382@mail.co.ke,Kenya
1383,Wanjiku,Mutua,customer1383@mail.co.ke,Kenya
1384,Mwangi,Chebet,customer1384@mail.co.ke,Kenya
1385,Njeri,Wafula,customer1385@mail.co.ke,Kenya
1386,Kamau,Njuguna,customer1386@mail.co.ke,Kenya
1387,Kamau,Odhiambo,customer1387@mail.co.ke,Kenya
1388,Ouma,Koech,customer1388@mail.co.ke,Kenya
1389,Kamau,Koech,customer1389@mail.co.ke,Kenya
1390,Mutiso,Barasa,customer1390@mail.co.ke,Kenya
1391,Cherono,Chebet,customer1391@mail.co.ke,Kenya
1392,Otieno,Chebet,customer1392@mail.co.ke,Kenya
1393,Anyango,Barasa,customer1393@mail.co.ke,Kenya
1394,Wanjiku,Chebet,customer1394@mail.co.ke,Kenya
1395,Mwangi,Koech,customer1395@mail.co.ke,Kenya
1396,Anyango,Omondi,customer1396@mail.co.ke,Kenya
1397,Mwangi,Kariuki,customer1397@mail.co.ke,Kenya
1398,Achieng,Koech,customer1398@mail.co.ke,Kenya
1399,Anyango,Odhiambo,customer1399@mail.co.ke,Kenya
1400,Otieno,Mutua,customer1400@mail.co.ke,Kenya
1401,Ouma,Barasa,customer1401@mail.co.ke,Kenya
1402,Mutiso,Wafula,customer1402@mail.co.ke,Kenya
1403,Cherono,Njuguna,customer1403@mail.co.ke,Kenya
1404,Cherono,Wafula,customer1404@mail.co.ke,Kenya
1405,Mutiso,Koech,customer1405@mail.co.ke,Kenya
1406,Njeri,Odhiambo,customer1406@mail.co.ke,Kenya
1407,Achieng,Koech,customer1407@mail.co.ke,Kenya
1408,Mwangi,Mutua,customer1408@mail.co.ke,Kenya
1409,Otieno,Omondi,customer1409@mail.co.ke,Kenya
1410,Kamau,Njuguna,customer1410@mail.co.ke,Kenya
1411,Anyango,Mutua,customer1411@mail.co.ke,Kenya
1412,Achieng,Barasa,customer1412@mail.co.ke,Kenya
1413,Anyango,Barasa,customer1413@mail.co.ke,Kenya
1414,Otieno,Koech,customer1414@mail.co.ke,Kenya
1415,Wanjiku,Odhiambo,customer1415@mail.co.ke,Kenya
1416,Wanjiku,Mutua,customer1416@mail.co.ke,Kenya
1417,Achieng,Ndegwa,customer1417@mail.co.ke,Kenya
1418,Ouma,Odhiambo,customer1418@mail.co.ke,Kenya
1419,Otieno,Omondi,customer1419@mail.co.ke,Kenya
1420,Otieno,Barasa,customer1420@mail.co.ke,Kenya
1421,Mutiso,Koech,customer1421@mail.co.ke,Kenya
1422,Ouma,Chebet,customer1422@mail.co.ke,Kenya
1423,Mwangi,Barasa,customer1423@mail.co.ke,Kenya
1424,Mwangi,Njuguna,customer1424@mail.co.ke,Kenya
1425,Kamau,Kariuki,customer1425@mail.co.ke,Kenya
1426,Cherono,Chebet,customer1426@mail.co.ke,Kenya
1427,Wanjiku,Koech,customer1427@mail.co.ke,Kenya
1428,Mwangi,Ndegwa,customer1428@mail.co.ke,Kenya
1429,Ouma,Chebet,customer1429@mail.co.ke,Kenya
1430,Otieno,Njuguna,customer1430@mail.co.ke,Kenya
1431,Mwangi,Odhiambo,customer1431@mail.co.ke,Kenya
1432,Otieno,Ndegwa,customer1432@mail.co.ke,Kenya
1433,Mwangi,Barasa,customer1433@mail.co.ke,Kenya
1434,Wanjiku,Ndegwa,customer1434@mail.co.ke,Kenya
1435,Anyango,Mutua,customer1435@mail.co.ke,Kenya
1436,Mwangi,Njuguna,customer1436@mail.co.ke,Kenya
1437,Ouma,Chebet,customer1437@mail.co.ke,Kenya
1438,Mwangi,Mutua,customer1438@mail.co.ke,Kenya
1439,Cherono,Ndegwa,customer1439@mail.co.ke,Kenya
1440,Wanjiku,Mutua,customer1440@mail.co.ke,Kenya
1441,Ouma,Wafula,customer1441@mail.co.ke,Kenya
1442,Mutiso,Njuguna,customer1442@mail.co.ke,Kenya
1443,Ouma,Omondi,customer1443@mail.co.ke,Kenya
1444,Cherono,Odhiambo,customer1444@mail.co.ke,Kenya
1445,Anyango,Ndegwa,customer1445@mail.co.ke,Kenya
1446,Wanjiku,Njuguna,customer1446@mail.co.ke,Kenya
1447,Mutiso,Omondi,customer1447@mail.co.ke,Kenya
1448,Cherono,Omondi,customer1448@mail.co.ke,Kenya
1449,Cherono,Koech,customer1449@mail.co.ke,Kenya
1450,Achieng,Mutua,customer1450@mail.co.ke,Kenya
1451,Wanjiku,Omondi,customer1451@mail.co.ke,Kenya
1452,Ouma,Wafula,customer1452@mail.co.ke,Kenya
1453,Otieno,Njuguna,customer1453@mail.co.ke,Kenya
1454,Anyango,Kariuki,customer1454@mail.co.ke,Kenya
1455,Otieno,Kariuki,customer1455@mail.co.ke,Kenya
1456,Ouma,Ndegwa,customer1456@mail.co.ke,Kenya
1457,Ouma,Barasa,customer1457@mail.co.ke,Kenya
1458,Wanjiku,Mutua,customer1458@mail.co.ke,Kenya
1459,Ouma,Barasa,customer1459@mail.co.ke,Kenya
1460,Achieng,Omondi,customer1460@mail.co.ke,Kenya
1461,Mutiso,Njuguna,customer1461@mail.co.ke,Kenya
1462,Ouma,Ndegwa,customer1462@mail.co.ke,Kenya
1463,Otieno,Chebet,customer1463@mail.co.ke,Kenya
1464,Ouma,Omondi,customer1464@mail.co.ke,Kenya
1465,Achieng,Mutua,customer1465@mail.co.ke,Kenya
1466,Mwangi,Kariuki,customer1466@mail.co.ke,Kenya
1467,Mwangi,Koech,customer1467@mail.co.ke,Kenya
1468,Cherono,Njuguna,customer1468@mail.co.ke,Kenya
1469,Anyango,Odhiambo,customer1469@mail.co.ke,Kenya
1470,Kamau,Barasa,customer1470@mail.co.ke,Kenya
1471,Mutiso,Ndegwa,customer1471@mail.co.ke,Kenya
1472,Njeri,Barasa,customer1472@mail.co.ke,Kenya
1473,Cherono,Njuguna,customer1473@mail.co.ke,Kenya
1474,Anyango,Barasa,customer1474@mail.co.ke,Kenya
1475,Mwangi,Njuguna,customer1475@mail.co.ke,Kenya
1476,Otieno,Barasa,customer1476@mail.co.ke,Kenya
1477,Njeri,Wafula,customer1477@mail.co.ke,Kenya
1478,Anyango,Chebet,customer1478@mail.co.ke,Kenya
1479,Anyango,Omondi,customer1479@mail.co.ke,Kenya
1480,Cherono,Omondi,customer1480@mail.co.ke,Kenya
1481,Njeri,Mutua,customer1481@mail.co.ke,Kenya
1482,Wanjiku,Odhiambo,customer1482@mail.co.ke,Kenya
1483,Kamau,Odhiambo,customer1483@mail.co.ke,Kenya
1484,Wanjiku,Mutua,customer1484@mail.co.ke,Kenya
1485,Njeri,Koech,customer1485@mail.co.ke,Kenya
1486,Wanjiku,Omondi,customer1486@mail.co.ke,Kenya
1487,Achieng,Koech,customer1487@mail.co.ke,Kenya
1488,Mwangi,Njuguna,customer1488@mail.co.ke,Kenya
1489,Achieng,Njuguna,customer1489@mail.co.ke,Kenya
1490,Ouma,Kariuki,customer1490@mail.co.ke,Kenya
1491,Wanjiku,Barasa,customer1491@mail.co.ke,Kenya
1492,Ouma,Odhiambo,customer1492@mail.co.ke,Kenya
1493,Otieno,Kariuki,customer1493@mail.co.ke,Kenya
1494,Mutiso,Chebet,customer1494@mail.co.ke,Kenya
1495,Otieno,Mutua,customer1495@mail.co.ke,Kenya
1496,Njeri,Mutua,customer1496@mail.co.ke,Kenya
1497,Anyango,Njuguna,customer1497@mail.co.ke,Kenya
1498,Mwangi,Omondi,customer1498@mail.co.ke,Kenya
1499,Wanjiku,Koech,customer1499@mail.co.ke,Kenya
1500,Cherono,Odhiambo,customer1500@mail.co.ke,Kenya
1501,Mutiso,Kariuki,customer1501@mail.co.ke,Kenya
1502,Kamau,Koech,customer1502@mail.co.ke,Kenya
1503,Kamau,Kariuki,customer1503@mail.co.ke,Kenya
1504,Kamau,Barasa,customer1504@mail.co.ke,Kenya
1505,Wanjiku,Chebet,customer1505@mail.co.ke,Kenya
1506,Kamau,Chebet,customer1506@mail.co.ke,Kenya
1507,Achieng,Koech,customer1507@mail.co.ke,Kenya
1508,Mutiso,Koech,customer1508@mail.co.ke,Kenya
1509,Achieng,Koech,customer1509@mail.co.ke,Kenya
1510,Anyango,Kariuki,customer1510@mail.co.ke,Kenya
1511,Mutiso,Barasa,customer1511@mail.co.ke,Kenya
1512,Achieng,Wafula,customer1512@mail.co.ke,Kenya
1513,Mutiso,Koech,customer1513@mail.co.ke,Kenya
1514,Anyango,Omondi,customer1514@mail.co.ke,Kenya
1515,Ouma,Odhiambo,customer1515@mail.co.ke,Kenya
1516,Wanjiku,Odhiambo,customer1516@mail.co.ke,Kenya
1517,Wanjiku,Kariuki,customer1517@mail.co.ke,Kenya
1518,Kamau,Koech,customer1518@mail.co.ke,Kenya
1519,Otieno,Njuguna,customer1519@mail.co.ke,Kenya
1520,Kamau,Mutua,customer1520@mail.co.ke,Kenya
1521,Njeri,Wafula,customer1521@mail.co.ke,Kenya
1522,Achieng,Omondi,customer1522@mail.co.ke,Kenya
1523,Mutiso,Barasa,customer1523@mail.co.ke,Kenya
1524,Otieno,Njuguna,customer1524@mail.co.ke,Kenya
1525,Anyango,Chebet,customer1525@mail.co.ke,Kenya
1526,Njeri,Njuguna,customer1526@mail.co.ke,Kenya
1527,Anyango,Kariuki,customer1527@mail.co.ke,Kenya
1528,Wanjiku,Wafula,customer1528@mail.co.ke,Kenya
1529,Wanjiku,Ndegwa,customer1529@mail.co.ke,Kenya
1530,Kamau,Ndegwa,customer1530@mail.co.ke,Kenya
1531,Achieng,Koech,customer1531@mail.co.ke,Kenya
1532,Otieno,Koech,customer1532@mail.co.ke,Kenya
1533,Mwangi,Kariuki,customer1533@mail.co.ke,Kenya
1534,Njeri,Barasa,customer1534@mail.co.ke,Kenya
1535,Njeri,Koech,customer1535@mail.co.ke,Kenya
1536,Kamau,Mutua,customer1536@mail.co.ke,Kenya
1537,Wanjiku,Wafula,customer1537@mail.co.ke,Kenya
1538,Kamau,Kariuki,customer1538@mail.co.ke,Kenya
1539,Mutiso,Odhiambo,customer1539@mail.co.ke,Kenya
1540,Otieno,Chebet,customer1540@mail.co.ke,Kenya
1541,Achieng,Kariuki,customer1541@mail.co.ke,Kenya
1542,Ouma,Kariuki,customer1542@mail.co.ke,Kenya
1543,Cherono,Ndegwa,customer1543@mail.co.ke,Kenya
1544,Cherono,Omondi,customer1544@mail.co.ke,Kenya
1545,Kamau,Barasa,customer1545@mail.co.ke,Kenya
1546,Mutiso,Omondi,customer1546@mail.co.ke,Kenya
1547,Otieno,Mutua,customer1547@mail.co.ke,Kenya
1548,Mwangi,Odhiambo,customer1548@mail.co.ke,Kenya
1549,Cherono,Ndegwa,customer1549@mail.co.ke,Kenya
1550,Otieno,Odhiambo,customer1550@mail.co.ke,Kenya
1551,Achieng,Mutua,customer1551@mail.co.ke,Kenya
1552,Anyango,Omondi,customer1552@mail.co.ke,Kenya
1553,Mutiso,Kariuki,customer1553@mail.co.ke,Kenya
1554,Wanjiku,Koech,customer1554@mail.co.ke,Kenya
1555,Otieno,Koech,customer1555@mail.co.ke,Kenya
1556,Achieng,Njuguna,customer1556@mail.co.ke,Kenya
1557,Mwangi,Chebet,customer1557@mail.co.ke,Kenya
1558,Ouma,Barasa,customer1558@mail.co.ke,Kenya
1559,Wanjiku,Mutua,customer1559@mail.co.ke,Kenya
1560,Ouma,Chebet,customer1560@mail.co.ke,Kenya
1561,Mwangi,Barasa,customer1561@mail.co.ke,Kenya
1562,Achieng,Chebet,customer1562@mail.co.ke,Kenya
1563,Cherono,Omondi,customer1563@mail.co.ke,Kenya
1564,Ouma,Barasa,customer1564@mail.co.ke,Kenya
1565,Wanjiku,Omondi,customer1565@mail.co.ke,Kenya
1566,Kamau,Kariuki,customer1566@mail.co.ke,Kenya
1567,Njeri,Ndegwa,customer1567@mail.co.ke,Kenya
1568,Otieno,Omondi,customer1568@mail.co.ke,Kenya
1569,Cherono,Koech,customer1569@mail.co.ke,Kenya
1570,Ouma,Chebet,customer1570@mail.co.ke,Kenya
1571,Anyango,Njuguna,customer1571@mail.co.ke,Kenya
1572,Otieno,Wafula,customer1572@mail.co.ke,Kenya
1573,Kamau,Barasa,customer1573@mail.co.ke,Kenya
1574,Mwangi,Mutua,customer1574@mail.co.ke,Kenya
1575,Njeri,Njuguna,customer1575@mail.co.ke,Kenya
1576,Achieng,Koech,customer1576@mail.co.ke,Kenya
1577,Kamau,Omondi,customer1577@mail.co.ke,Kenya
1578,Kamau,Ndegwa,customer1578@mail.co.ke,Kenya
1579,Mwangi,Kariuki,customer1579@mail.co.ke,Kenya
1580,Mutiso,Wafula,customer1580@mail.co.ke,Kenya
1581,Mwangi,Odhiambo,customer1581@mail.co.ke,Kenya
1582,Mutiso,Njuguna,customer1582@mail.co.ke,Kenya
1583,Mutiso,Ndegwa,customer1583@mail.co.ke,Kenya
1584,Cherono,Odhiambo,customer1584@mail.co.ke,Kenya
1585,Cherono,Wafula,customer1585@mail.co.ke,Kenya
1586,Wanjiku,Mutua,customer1586@mail.co.ke,Kenya
1587,Ouma,Mutua,customer1587@mail.co.ke,Kenya
1588,Ouma,Chebet,customer1588@mail.co.ke,Kenya
1589,Achieng,Wafula,customer1589@mail.co.ke,Kenya
1590,Ouma,Wafula,customer1590@mail.co.ke,Kenya
1591,Cherono,Odhiambo,customer1591@mail.co.ke,Kenya
1592,Wanjiku,Ndegwa,customer1592@mail.co.ke,Kenya
1593,Wanjiku,Barasa,customer1593@mail.co.ke,Kenya
1594,Mutiso,Odhiambo,customer1594@mail.co.ke,Kenya
1595,Mwangi,Kariuki,customer1595@mail.co.ke,Kenya
1596,Achieng,Mutua,customer1596@mail.co.ke,Kenya
1597,Mutiso,Mutua,customer1597@mail.co.ke,Kenya
1598,Mwangi,Chebet,customer1598@mail.co.ke,Kenya
1599,Ouma,Kariuki,customer1599@mail.co.ke,Kenya
1600,Mutiso,Mutua,customer1600@mail.co.ke,Kenya
1601,Otieno,Odhiambo,customer1601@mail.co.ke,Kenya
1602,Ouma,Kariuki,customer1602@mail.co.ke,Kenya
1603,Mwangi,Odhiambo,customer1603@mail.co.ke,Kenya
1604,Achieng,Barasa,customer1604@mail.co.ke,Kenya
1605,Mwangi,Barasa,customer1605@mail.co.ke,Kenya
1606,Mutiso,Mutua,customer1606@mail.co.ke,Kenya
1607,Mutiso,Mutua,customer1607@mail.co.ke,Kenya
1608,Kamau,Ndegwa,customer1608@mail.co.ke,Kenya
1609,Achieng,Barasa,customer1609@mail.co.ke,Kenya
1610,Anyango,Njuguna,customer1610@mail.co.ke,Kenya
1611,Ouma,Njuguna,customer1611@mail.co.ke,Kenya
1612,Wanjiku,Chebet,customer1612@mail.co.ke,Kenya
1613,Achieng,Barasa,customer1613@mail.co.ke,Kenya
1614,Wanjiku,Odhiambo,customer1614@mail.co.ke,Kenya
1615,Achieng,Odhiambo,customer1615@mail.co.ke,Kenya
1616,Achieng,Koech,customer1616@mail.co.ke,Kenya
1617,Mwangi,Kariuki,customer1617@mail.co.ke,Kenya
1618,Achieng,Omondi,customer1618@mail.co.ke,Kenya
1619,Kamau,Njuguna,customer1619@mail.co.ke,Kenya
1620,Anyango,Mutua,customer1620@mail.co.ke,Kenya
1621,Mutiso,Chebet,customer1621@mail.co.ke,Kenya
1622,Njeri,Omondi,customer1622@mail.co.ke,Kenya
1623,Wanjiku,Wafula,customer1623@mail.co.ke,Kenya
1624,Mutiso,Chebet,customer1624@mail.co.ke,Kenya
1625,Njeri,Wafula,customer1625@mail.co.ke,Kenya
1626,Anyango,Barasa,customer1626@mail.co.ke,Kenya
1627,Anyango,Wafula,customer1627@mail.co.ke,Kenya
1628,Wanjiku,Wafula,customer1628@mail.co.ke,Kenya
1629,Wanjiku,Ndegwa,customer1629@mail.co.ke,Kenya
1630,Anyango,Ndegwa,customer1630@mail.co.ke,Kenya
1631,Njeri,Ndegwa,customer1631@mail.co.ke,Kenya
1632,Achieng,Barasa,customer1632@mail.co.ke,Kenya
1633,Ouma,Omondi,customer1633@mail.co.ke,Kenya
1634,Otieno,Chebet,customer1634@mail.co.ke,Kenya
1635,Mutiso,Chebet,customer1635@mail.co.ke,Kenya
1636,Mwangi,Mutua,customer1636@mail.co.ke,Kenya
1637,Mutiso,Ndegwa,customer1637@mail.co.ke,Kenya
1638,Mwangi,Barasa,customer1638@mail.co.ke,Kenya
1639,Njeri,Mutua,customer1639@mail.co.ke,Kenya
1640,Mwangi,Kariuki,customer1640@mail.co.ke,Kenya
1641,Wanjiku,Mutua,customer1641@mail.co.ke,Kenya
1642,Ouma,Omondi,customer1642@mail.co.ke,Kenya
1643,Ouma,Njuguna,customer1643@mail.co.ke,Kenya
1644,Wanjiku,Wafula,customer1644@mail.co.ke,Kenya
1645,Kamau,Ndegwa,customer1645@mail.co.ke,Kenya
1646,Njeri,Njuguna,customer1646@mail.co.ke,Kenya
1647,Kamau,Mutua,customer1647@mail.co.ke,Kenya
1648,Kamau,Barasa,customer1648@mail.co.ke,Kenya
1649,Mutiso,Wafula,customer1649@mail.co.ke,Kenya
1650,Anyango,Chebet,customer1650@mail.co.ke,Kenya
1651,Mutiso,Odhiambo,customer1651@mail.co.ke,Kenya
1652,Anyango,Wafula,customer1652@mail.co.ke,Kenya
1653,Otieno,Omondi,customer1653@mail.co.ke,Kenya
1654,Mwangi,Omondi,customer1654@mail.co.ke,Kenya
1655,Anyango,Mutua,customer1655@mail.co.ke,Kenya
1656,Wanjiku,Kariuki,customer1656@mail.co.ke,Kenya
1657,Mutiso,Omondi,customer1657@mail.co.ke,Kenya
1658,Njeri,Omondi,customer1658@mail.co.ke,Kenya
1659,Mwangi,Barasa,customer1659@mail.co.ke,Kenya
1660,Otieno,Mutua,customer1660@mail.co.ke,Kenya
1661,Anyango,Wafula,customer1661@mail.co.ke,Kenya
1662,Otieno,Kariuki,customer1662@mail.co.ke,Kenya
1663,Njeri,Njuguna,customer1663@mail.co.ke,Kenya
1664,Kamau,Odhiambo,customer1664@mail.co.ke,Kenya
1665,Ouma,Ndegwa,customer1665@mail.co.ke,Kenya
1666,Njeri,Chebet,customer1666@mail.co.ke,Kenya
1667,Cherono,Omondi,customer1667@mail.co.ke,Kenya
1668,Njeri,Mutua,customer1668@mail.co.ke,Kenya
1669,Otieno,Ndegwa,customer1669@mail.co.ke,Kenya
1670,Wanjiku,Chebet,customer1670@mail.co.ke,Kenya
1671,Mutiso,Chebet,customer1671@mail.co.ke,Kenya
1672,Wanjiku,Njuguna,customer1672@mail.co.ke,Kenya
1673,Otieno,Njuguna,customer1673@mail.co.ke,Kenya
1674,Mutiso,Njuguna,customer1674@mail.co.ke,Kenya
1675,Cherono,Koech,customer1675@mail.co.ke,Kenya
1676,Ouma,Koech,customer1676@mail.co.ke,Kenya
1677,Mwangi,Chebet,customer1677@mail.co.ke,Kenya
1678,Otieno,Njuguna,customer1678@mail.co.ke,Kenya
1679,Anyango,Barasa,customer1679@mail.co.ke,Kenya
1680,Otieno,Omondi,customer1680@mail.co.ke,Kenya
1681,Otieno,Ndegwa,customer1681@mail.co.ke,Kenya
1682,Mutiso,Ndegwa,customer1682@mail.co.ke,Kenya
1683,Achieng,Koech,customer1683@mail.co.ke,Kenya
1684,Njeri,Chebet,customer1684@mail.co.ke,Kenya
1685,Achieng,Mutua,customer1685@mail.co.ke,Kenya
1686,Cherono,Wafula,customer1686@mail.co.ke,Kenya
1687,Anyango,Wafula,customer1687@mail.co.ke,Kenya
1688,Ouma,Koech,customer1688@mail.co.ke,Kenya
1689,Kamau,Mutua,customer1689@mail.co.ke,Kenya
1690,Cherono,Koech,customer1690@mail.co.ke,Kenya
1691,Kamau,Wafula,customer1691@mail.co.ke,Kenya
1692,Kamau,Mutua,customer1692@mail.co.ke,Kenya
1693,Ouma,Njuguna,customer1693@mail.co.ke,Kenya
1694,Wanjiku,Chebet,customer1694@mail.co.ke,Kenya
1695,Achieng,Ndegwa,customer1695@mail.co.ke,Kenya
1696,Otieno,Barasa,customer1696@mail.co.ke,Kenya
1697,Mwangi,Kariuki,customer1697@mail.co.ke,Kenya
1698,Kamau,Chebet,customer1698@mail.co.ke,Kenya
1699,Anyango,Njuguna,customer1699@mail.co.ke,Kenya
1700,Cherono,Wafula,customer1700@mail.co.ke,Kenya
1701,Wanjiku,Njuguna,customer1701@mail.co.ke,Kenya
1702,Kamau,Koech,customer1702@mail.co.ke,Kenya
1703,Wanjiku,Mutua,customer1703@mail.co.ke,Kenya
1704,Wanjiku,Ndegwa,customer1704@mail.co.ke,Kenya
1705,Kamau,Omondi,customer1705@mail.co.ke,Kenya
1706,Mutiso,Koech,customer1706@mail.co.ke,Kenya
1707,Njeri,Chebet,customer1707@mail.co.ke,Kenya
1708,Anyango,Koech,customer1708@mail.co.ke,Kenya
1709,Otieno,Chebet,customer1709@mail.co.ke,Kenya
1710,Otieno,Omondi,customer1710@mail.co.ke,Kenya
1711,Anyango,Odhiambo,customer1711@mail.co.ke,Kenya
1712,Mutiso,Ndegwa,customer1712@mail.co.ke,Kenya
1713,Otieno,Barasa,customer1713@mail.co.ke,Kenya
1714,Wanjiku,Barasa,customer1714@mail.co.ke,Kenya
1715,Ouma,Kariuki,customer1715@mail.co.ke,Kenya
1716,Cherono,Njuguna,customer1716@mail.co.ke,Kenya
1717,Achieng,Odhiambo,customer1717@mail.co.ke,Kenya
1718,Otieno,Barasa,customer1718@mail.co.ke,Kenya
1719,Anyango,Koech,customer1719@mail.co.ke,Kenya
1720,Ouma,Njuguna,customer1720@mail.co.ke,Kenya
1721,Kamau,Odhiambo,customer1721@mail.co.ke,Kenya
1722,Njeri,Mutua,customer1722@mail.co.ke,Kenya
1723,Anyango,Mutua,customer1723@mail.co.ke,Kenya
1724,Wanjiku,Njuguna,customer1724@mail.co.ke,Kenya
1725,Njeri,Chebet,customer1725@mail.co.ke,Kenya
1726,Cherono,Chebet,customer1726@mail.co.ke,Kenya
1727,Cherono,Koech,customer1727@mail.co.ke,Kenya
1728,Mutiso,Odhiambo,customer1728@mail.co.ke,Kenya
1729,Mwangi,Odhiambo,customer1729@mail.co.ke,Kenya
1730,Mutiso,Njuguna,customer1730@mail.co.ke,Kenya
1731,Ouma,Wafula,customer1731@mail.co.ke,Kenya
1732,Njeri,Mutua,customer1732@mail.co.ke,Kenya
1733,Mwangi,Odhiambo,customer1733@mail.co.ke,Kenya
1734,Kamau,Njuguna,customer1734@mail.co.ke,Kenya
1735,Wanjiku,Omondi,customer1735@mail.co.ke,Kenya
1736,Njeri,Kariuki,customer1736@mail.co.ke,Kenya
1737,Mutiso,Omondi,customer1737@mail.co.ke,Kenya
1738,Achieng,Ndegwa,customer1738@mail.co.ke,Kenya
1739,Mwangi,Koech,customer1739@mail.co.ke,Kenya
1740,Mwangi,Odhiambo,customer1740@mail.co.ke,Kenya
1741,Wanjiku,Ndegwa,customer1741@mail.co.ke,Kenya
1742,Otieno,Barasa,customer1742@mail.co.ke,Kenya
1743,Cherono,Ndegwa,customer1743@mail.co.ke,Kenya
1744,Cherono,Njuguna,customer1744@mail.co.ke,Kenya
1745,Achieng,Odhiambo,customer1745@mail.co.ke,Kenya
1746,Ouma,Kariuki,customer1746@mail.co.ke,Kenya
1747,Ouma,Njuguna,customer1747@mail.co.ke,Kenya
1748,Kamau,Njuguna,customer1748@mail.co.ke,Kenya
1749,Njeri,Koech,customer1749@mail.co.ke,Kenya
1750,Anyango,Koech,customer1750@mail.co.ke,Kenya
1751,Otieno,Mutua,customer1751@mail.co.ke,Kenya
1752,Mutiso,Mutua,customer1752@mail.co.ke,Kenya
1753,Anyango,Chebet,customer1753@mail.co.ke,Kenya
1754,Anyango,Wafula,customer1754@mail.co.ke,Kenya
1755,Mwangi,Odhiambo,customer1755@mail.co.ke,Kenya
1756,Achieng,Odhiambo,customer1756@mail.co.ke,Kenya
1757,Cherono,Ndegwa,customer1757@mail.co.ke,Kenya
1758,Kamau,Odhiambo,customer1758@mail.co.ke,Kenya
1759,Ouma,Odhiambo,customer1759@mail.co.ke,Kenya
1760,Achieng,Wafula,customer1760@mail.co.ke,Kenya
1761,Mwangi,Barasa,customer1761@mail.co.ke,Kenya
1762,Mutiso,Mutua,customer1762@mail.co.ke,Kenya
1763,Kamau,Mutua,customer1763@mail.co.ke,Kenya
1764,Mwangi,Kariuki,customer1764@mail.co.ke,Kenya
1765,Cherono,Odhiambo,customer1765@mail.co.ke,Kenya
1766,Cherono,Wafula,customer1766@mail.co.ke,Kenya
1767,Cherono,Mutua,customer1767@mail.co.ke,Kenya
1768,Achieng,Wafula,customer1768@mail.co.ke,Kenya
1769,Achieng,Omondi,customer1769@mail.co.ke,Kenya
1770,Ouma,Barasa,customer1770@mail.co.ke,Kenya
1771,Ouma,Odhiambo,customer1771@mail.co.ke,Kenya
1772,Mutiso,Kariuki,customer1772@mail.co.ke,Kenya
1773,Kamau,Ndegwa,customer1773@mail.co.ke,Kenya
1774,Wanjiku,Mutua,customer1774@mail.co.ke,Kenya
1775,Wanjiku,Omondi,customer1775@mail.co.ke,Kenya
1776,Mwangi,Wafula,customer1776@mail.co.ke,Kenya
1777,Cherono,Koech,customer1777@mail.co.ke,Kenya
1778,Kamau,Njuguna,customer1778@mail.co.ke,Kenya
1779,Anyango,Odhiambo,customer1779@mail.co.ke,Kenya
1780,Achieng,Odhiambo,customer1780@mail.co.ke,Kenya
1781,Njeri,Omondi,customer1781@mail.co.ke,Kenya
1782,Otieno,Wafula,customer1782@mail.co.ke,Kenya
1783,Mutiso,Chebet,customer1783@mail.co.ke,Kenya
1784,Cherono,Odhiambo,customer1784@mail.co.ke,Kenya
1785,Cherono,Chebet,customer1785@mail.co.ke,Kenya
1786,Cherono,Koech,customer1786@mail.co.ke,Kenya
1787,Achieng,Omondi,customer1787@mail.co.ke,Kenya
1788,Achieng,Wafula,customer1788@mail.co.ke,Kenya
1789,Otieno,Wafula,customer1789@mail.co.ke,Kenya
1790,Anyango,Barasa,customer1790@mail.co.ke,Kenya
1791,Kamau,Njuguna,customer1791@mail.co.ke,Kenya
1792,Cherono,Mutua,customer1792@mail.co.ke,Kenya
1793,Wanjiku,Mutua,customer1793@mail.co.ke,Kenya
1794,Ouma,Ndegwa,customer1794@mail.co.ke,Kenya
1795,Wanjiku,Kariuki,customer1795@mail.co.ke,Kenya
1796,Mwangi,Omondi,customer1796@mail.co.ke,Kenya
1797,Wanjiku,Koech,customer1797@mail.co.ke,Kenya
1798,Mwangi,Wafula,customer1798@mail.co.ke,Kenya
1799,Njeri,Njuguna,customer1799@mail.co.ke,Kenya
1800,Ouma,Chebet,customer1800@mail.co.ke,Kenya
1801,Wanjiku,Omondi,customer1801@mail.co.ke,Kenya
1802,Njeri,Ndegwa,customer1802@mail.co.ke,Kenya
1803,Mutiso,Omondi,customer1803@mail.co.ke,Kenya
1804,Kamau,Ndegwa,customer1804@mail.co.ke,Kenya
1805,Njeri,Wafula,customer1805@mail.co.ke,Kenya
1806,Kamau,Kariuki,customer1806@mail.co.ke,Kenya
1807,Wanjiku,Ndegwa,customer1807@mail.co.ke,Kenya
1808,Anyango,Wafula,customer1808@mail.co.ke,Kenya
1809,Njeri,Wafula,customer1809@mail.co.ke,Kenya
1810,Ouma,Kariuki,customer1810@mail.co.ke,Kenya
1811,Wanjiku,Mutua,customer1811@mail.co.ke,Kenya
1812,Cherono,Omondi,customer1812@mail.co.ke,Kenya
1813,Achieng,Odhiambo,customer1813@mail.co.ke,Kenya
1814,Njeri,Odhiambo,customer1814@mail.co.ke,Kenya
1815,Ouma,Chebet,customer1815@mail.co.ke,Kenya
1816,Mutiso,Chebet,customer1816@mail.co.ke,Kenya
1817,Cherono,Odhiambo,customer1817@mail.co.ke,Kenya
1818,Mutiso,Koech,customer1818@mail.co.ke,Kenya
1819,Wanjiku,Odhiambo,customer1819@mail.co.ke,Kenya
1820,Achieng,Chebet,customer1820@mail.co.ke,Kenya
1821,Njeri,Njuguna,customer1821@mail.co.ke,Kenya
1822,Njeri,Chebet,customer1822@mail.co.ke,Kenya
1823,Anyango,Koech,customer1823@mail.co.ke,Kenya
1824,Anyango,Omondi,customer1824@mail.co.ke,Kenya
1825,Wanjiku,Odhiambo,customer1825@mail.co.ke,Kenya
1826,Wanjiku,Kariuki,customer1826@mail.co.ke,Kenya
1827,Achieng,Njuguna,customer1827@mail.co.ke,Kenya
1828,Anyango,Wafula,customer1828@mail.co.ke,Kenya
1829,Ouma,Koech,customer1829@mail.co.ke,Kenya
1830,Ouma,Chebet,customer1830@mail.co.ke,Kenya
1831,Achieng,Kariuki,customer1831@mail.co.ke,Kenya
1832,Ouma,Ndegwa,customer1832@mail.co.ke,Kenya
1833,Mwangi,Mutua,customer1833@mail.co.ke,Kenya
1834,Kamau,Odhiambo,customer1834@mail.co.ke,Kenya
1835,Achieng,Mutua,customer1835@mail.co.ke,Kenya
1836,Achieng,Koech,customer1836@mail.co.ke,Kenya
1837,Otieno,Ndegwa,customer1837@mail.co.ke,Kenya
1838,Cherono,Ndegwa,customer1838@mail.co.ke,Kenya
1839,Cherono,Ndegwa,customer1839@mail.co.ke,Kenya
1840,Mwangi,Wafula,customer1840@mail.co.ke,Kenya
1841,Anyango,Koech,customer1841@mail.co.ke,Kenya
1842,Wanjiku,Omondi,customer1842@mail.co.ke,Kenya
1843,Wanjiku,Mutua,customer1843@mail.co.ke,Kenya
1844,Mutiso,Omondi,customer1844@mail.co.ke,Kenya
1845,Mwangi,Kariuki,customer1845@mail.co.ke,Kenya
1846,Achieng,Barasa,customer1846@mail.co.ke,Kenya
1847,Mwangi,Njuguna,customer1847@mail.co.ke,Kenya
1848,Mwangi,Njuguna,customer1848@mail.co.ke,Kenya
1849,Mwangi,Omondi,customer1849@mail.co.ke,Kenya
1850,Cherono,Barasa,customer1850@mail.co.ke,Kenya
1851,Mwangi,Barasa,customer1851@mail.co.ke,Kenya
1852,Kamau,Odhiambo,customer1852@mail.co.ke,Kenya
1853,Wanjiku,Kariuki,customer1853@mail.co.ke,Kenya
1854,Mutiso,Koech,customer1854@mail.co.ke,Kenya
1855,Kamau,Barasa,customer1855@mail.co.ke,Kenya
1856,Mutiso,Chebet,customer1856@mail.co.ke,Kenya
1857,Otieno,Njuguna,customer1857@mail.co.ke,Kenya
1858,Mutiso,Chebet,customer1858@mail.co.ke,Kenya
1859,Wanjiku,Kariuki,customer1859@mail.co.ke,Kenya
1860,Wanjiku,Barasa,customer1860@mail.co.ke,Kenya
1861,Mwangi,Mutua,customer1861@mail.co.ke,Kenya
1862,Njeri,Njuguna,customer1862@mail.co.ke,Kenya
1863,Otieno,Odhiambo,customer1863@mail.co.ke,Kenya
1864,Achieng,Odhiambo,customer1864@mail.co.ke,Kenya
1865,Ouma,Ndegwa,customer1865@mail.co.ke,Kenya
1866,Mutiso,Wafula,customer1866@mail.co.ke,Kenya
1867,Njeri,Barasa,customer1867@mail.co.ke,Kenya
1868,Mwangi,Kariuki,customer1868@mail.co.ke,Kenya
1869,Cherono,Njuguna,customer1869@mail.co.ke,Kenya
1870,Achieng,Wafula,customer1870@mail.co.ke,Kenya
1871,Anyango,Kariuki,customer1871@mail.co.ke,Kenya
1872,Njeri,Omondi,customer1872@mail.co.ke,Kenya
1873,Cherono,Barasa,customer1873@mail.co.ke,Kenya
1874,Otieno,Koech,customer1874@mail.co.ke,Kenya
1875,Mwangi,Koech,customer1875@mail.co.ke,Kenya
1876,Achieng,Barasa,customer1876@mail.co.ke,Kenya
1877,Achieng,Ndegwa,customer1877@mail.co.ke,Kenya
1878,Achieng,Ndegwa,customer1878@mail.co.ke,Kenya
1879,Otieno,Koech,customer1879@mail.co.ke,Kenya
1880,Mutiso,Mutua,customer1880@mail.co.ke,Kenya
1881,Anyango,Njuguna,customer1881@mail.co.ke,Kenya
1882,Otieno,Koech,customer1882@mail.co.ke,Kenya
1883,Ouma,Mutua,customer1883@mail.co.ke,Kenya
1884,Anyango,Wafula,customer1884@mail.co.ke,Kenya
1885,Wanjiku,Mutua,customer1885@mail.co.ke,Kenya
1886,Mwangi,Wafula,customer1886@mail.co.ke,Kenya
1887,Otieno,Kariuki,customer1887@mail.co.ke,Kenya
1888,Cherono,Chebet,customer1888@mail.co.ke,Kenya
1889,Anyango,Kariuki,customer1889@mail.co.ke,Kenya
1890,Ouma,Koech,customer1890@mail.co.ke,Kenya
1891,Wanjiku,Wafula,customer1891@mail.co.ke,Kenya
1892,Mutiso,Koech,customer1892@mail.co.ke,Kenya
1893,Cherono,Barasa,customer1893@mail.co.ke,Kenya
1894,Anyango,Njuguna,customer1894@mail.co.ke,Kenya
1895,Mwangi,Odhiambo,customer1895@mail.co.ke,Kenya
1896,Cherono,Koech,customer1896@mail.co.ke,Kenya
1897,Wanjiku,Njuguna,customer1897@mail.co.ke,Kenya
1898,Cherono,Mutua,customer1898@mail.co.ke,Kenya
1899,Kamau,Kariuki,customer1899@mail.co.ke,Kenya
1900,Njeri,Mutua,customer1900@mail.co.ke,Kenya
1901,Mutiso,Odhiambo,customer1901@mail.co.ke,Kenya
1902,Wanjiku,Wafula,customer1902@mail.co.ke,Kenya
1903,Cherono,Barasa,customer1903@mail.co.ke,Kenya
1904,Njeri,Njuguna,customer1904@mail.co.ke,Kenya
1905,Njeri,Barasa,customer1905@mail.co.ke,Kenya
1906,Cherono,Chebet,customer1906@mail.co.ke,Kenya
1907,Mwangi,Koech,customer1907@mail.co.ke,Kenya
1908,Kamau,Wafula,customer1908@mail.co.ke,Kenya
1909,Otieno,Chebet,customer1909@mail.co.ke,Kenya
1910,Kamau,Omondi,customer1910@mail.co.ke,Kenya
1911,Cherono,Koech,customer1911@mail.co.ke,Kenya
1912,Mutiso,Mutua,customer1912@mail.co.ke,Kenya
1913,Otieno,Kariuki,customer1913@mail.co.ke,Kenya
1914,Wanjiku,Njuguna,customer1914@mail.co.ke,Kenya
1915,Kamau,Odhiambo,customer1915@mail.co.ke,Kenya
1916,Cherono,Odhiambo,customer1916@mail.co.ke,Kenya
1917,Kamau,Mutua,customer1917@mail.co.ke,Kenya
1918,Otieno,Ndegwa,customer1918@mail.co.ke,Kenya
1919,Ouma,Odhiambo,customer1919@mail.co.ke,Kenya
1920,Anyango,Njuguna,customer1920@mail.co.ke,Kenya
1921,Kamau,Mutua,customer1921@mail.co.ke,Kenya
1922,Wanjiku,Wafula,customer1922@mail.co.ke,Kenya
1923,Wanjiku,Odhiambo,customer1923@mail.co.ke,Kenya
1924,Achieng,Barasa,customer1924@mail.co.ke,Kenya
1925,Kamau,Mutua,customer1925@mail.co.ke,Kenya
1926,Anyango,Njuguna,customer1926@mail.co.ke,Kenya
1927,Mwangi,Barasa,customer1927@mail.co.ke,Kenya
1928,Njeri,Koech,customer1928@mail.co.ke,Kenya
1929,Anyango,Koech,customer1929@mail.co.ke,Kenya
1930,Njeri,Odhiambo,customer1930@mail.co.ke,Kenya
1931,Njeri,Barasa,customer1931@mail.co.ke,Kenya
1932,Ouma,Kariuki,customer1932@mail.co.ke,Kenya
1933,Achieng,Koech,customer1933@mail.co.ke,Kenya
1934,Anyango,Kariuki,customer1934@mail.co.ke,Kenya
1935,Anyango,Wafula,customer1935@mail.co.ke,Kenya
1936,Ouma,Mutua,customer1936@mail.co.ke,Kenya
1937,Kamau,Chebet,customer1937@mail.co.ke,Kenya
1938,Kamau,Njuguna,customer1938@mail.co.ke,Kenya
1939,Kamau,Mutua,customer1939@mail.co.ke,Kenya
1940,Mutiso,Njuguna,customer1940@mail.co.ke,Kenya
1941,Njeri,Barasa,customer1941@mail.co.ke,Kenya
1942,Mutiso,Wafula,customer1942@mail.co.ke,Kenya
1943,Achieng,Omondi,customer1943@mail.co.ke,Kenya
1944,Ouma,Odhiambo,customer1944@mail.co.ke,Kenya
1945,Anyango,Njuguna,customer1945@mail.co.ke,Kenya
1946,Njeri,Njuguna,customer1946@mail.co.ke,Kenya
1947,Mutiso,Barasa,customer1947@mail.co.ke,Kenya
1948,Mutiso,Kariuki,customer1948@mail.co.ke,Kenya
1949,Cherono,Mutua,customer1949@mail.co.ke,Kenya
1950,Mutiso,Omondi,customer1950@mail.co.ke,Kenya
1951,Mwangi,Ndegwa,customer1951@mail.co.ke,Kenya
1952,Anyango,Odhiambo,customer1952@mail.co.ke,Kenya
1953,Mwangi,Chebet,customer1953@mail.co.ke,Kenya
1954,Anyango,Ndegwa,customer1954@mail.co.ke,Kenya
1955,Ouma,Mutua,customer1955@mail.co.ke,Kenya
1956,Anyango,Odhiambo,customer1956@mail.co.ke,Kenya
1957,Mwangi,Njuguna,customer1957@mail.co.ke,Kenya
1958,Anyango,Chebet,customer1958@mail.co.ke,Kenya
1959,Ouma,Kariuki,customer1959@mail.co.ke,Kenya
1960,Ouma,Omondi,customer1960@mail.co.ke,Kenya
1961,Achieng,Kariuki,customer1961@mail.co.ke,Kenya
1962,Anyango,Wafula,customer1962@mail.co.ke,Kenya
1963,Cherono,Barasa,customer1963@mail.co.ke,Kenya
1964,Kamau,Odhiambo,customer1964@mail.co.ke,Kenya
1965,Wanjiku,Kariuki,customer1965@mail.co.ke,Kenya
1966,Ouma,Ndegwa,customer1966@mail.co.ke,Kenya
1967,Otieno,Barasa,customer1967@mail.co.ke,Kenya
1968,Kamau,Kariuki,customer1968@mail.co.ke,Kenya
1969,Njeri,Koech,customer1969@mail.co.ke,Kenya
1970,Anyango,Wafula,customer1970@mail.co.ke,Kenya
1971,Mwangi,Mutua,customer1971@mail.co.ke,Kenya
1972,Wanjiku,Omondi,customer1972@mail.co.ke,Kenya
1973,Otieno,Wafula,customer1973@mail.co.ke,Kenya
1974,Kamau,Barasa,customer1974@mail.co.ke,Kenya
1975,Anyango,Koech,customer1975@mail.co.ke,Kenya
1976,Achieng,Odhiambo,customer1976@mail.co.ke,Kenya
1977,Njeri,Ndegwa,customer1977@mail.co.ke,Kenya
1978,Wanjiku,Omondi,customer1978@mail.co.ke,Kenya
1979,Cherono,Omondi,customer1979@mail.co.ke,Kenya
1980,Achieng,Wafula,customer1980@mail.co.ke,Kenya
1981,Otieno,Barasa,customer1981@mail.co.ke,Kenya
1982,Wanjiku,Odhiambo,customer1982@mail.co.ke,Kenya
1983,Achieng,Njuguna,customer1983@mail.co.ke,Kenya
1984,Njeri,Koech,customer1984@mail.co.ke,Kenya
1985,Cherono,Njuguna,customer1985@mail.co.ke,Kenya
1986,Achieng,Ndegwa,customer1986@mail.co.ke,Kenya
1987,Mutiso,Odhiambo,customer1987@mail.co.ke,Kenya
1988,Cherono,Odhiambo,customer1988@mail.co.ke,Kenya
1989,Otieno,Koech,customer1989@mail.co.ke,Kenya
1990,Njeri,Chebet,customer1990@mail.co.ke,Kenya
1991,Anyango,Njuguna,customer1991@mail.co.ke,Kenya
1992,Mwangi,Kariuki,customer1992@mail.co.ke,Kenya
1993,Mwangi,Omondi,customer1993@mail.co.ke,Kenya
1994,Mwangi,Chebet,customer1994@mail.co.ke,Kenya
1995,Wanjiku,Kariuki,customer1995@mail.co.ke,Kenya
1996,Otieno,Barasa,customer1996@mail.co.ke,Kenya
1997,Njeri,Koech,customer1997@mail.co.ke,Kenya
1998,Cherono,Barasa,customer1998@mail.co.ke,Kenya
1999,Wanjiku,Omondi,customer1999@mail.co.ke,Kenya
2000,Otieno,Mutua,customer2000@mail.co.ke,Kenya
